店铺名称,店铺详情,店铺评分,评价人数,人均消费,店铺地址
CoCo都可（上海新角里店）,https://www.meituan.com/meishi/4249769/,4.4,249,13.0,朱家角/东方绿舟
茶百道（朱家角店）,https://www.meituan.com/meishi/1682382543/,4.7,19,16.0,朱家角/东方绿舟
茶百道（乐尚天地店）,https://www.meituan.com/meishi/559923598/,4.7,91,15.0,车墩影视城
蜜雪冰城（广富林路店）,https://www.meituan.com/meishi/1891704725/,4.8,1278,5.0,松江万达广场
CoCo都可（嘉定大融城店）,https://www.meituan.com/meishi/104589673/,4.2,755,13.0,马陆镇
快乐柠檬happylemon（尚都里广场店）,https://www.meituan.com/meishi/195851511/,4.4,87,19.0,朱家角/东方绿舟
茶百道（陈彷公路店）,https://www.meituan.com/meishi/605809971/,4.7,8,15.0,陈家镇
桂源铺（青浦万达茂店）,https://www.meituan.com/meishi/1482266795/,4.5,326,20.0,青浦城区
蜜雪冰城（西林街店）,https://www.meituan.com/meishi/1078199090/,3.7,27,7.0,朱泾镇
茶百道（上海中侨大学店）,https://www.meituan.com/meishi/1469823893/,4.8,35,15.0,金山区
悸动烧仙草（浦东佳林路店）,https://www.meituan.com/meishi/1268168211/,4.4,237,15.0,金桥
悸动烧仙草（朱家角店）,https://www.meituan.com/meishi/189926352/,4.4,282,15.0,朱家角/东方绿舟
1点点（金山万达店）,https://www.meituan.com/meishi/86814258/,4.5,0,14.0,金山卫
茶百道（青浦吾悦店）,https://www.meituan.com/meishi/904342926/,4.8,103,16.0,青浦城区
CoCo都可（富绅中心店）,https://www.meituan.com/meishi/1176263275/,4.6,345,13.0,家乐福/富绅国际
CoCo都可（朱泾盒马店）,https://www.meituan.com/meishi/722250559/,4.1,321,13.0,朱泾镇
悸动烧仙草（松江仓汇路店）,https://www.meituan.com/meishi/1212936736/,5.0,0,16.0,松江区
CoCo都可（金山张堰店）,https://www.meituan.com/meishi/180667377/,4.3,509,13.0,金山区
娃哈哈奶茶（乐尚天地店）,https://www.meituan.com/meishi/1356557181/,4.6,51,15.0,车墩影视城
茶百道（崇明堡镇店）,https://www.meituan.com/meishi/1219915355/,4.9,35,15.0,堡镇
CoCo都可（盛桥店）,https://www.meituan.com/meishi/165637655/,4.7,307,13.0,宝山区
巡茶（悠迈生活广场店）,https://www.meituan.com/meishi/178005761/,4.1,273,17.0,青浦城区
1点点（川沙百联店）,https://www.meituan.com/meishi/157815789/,4.0,0,18.0,川沙
悸动烧仙草（港城新天地店）,https://www.meituan.com/meishi/1218744096/,4.6,80,17.0,南汇新城
茶百道（上海苏杭时代店）,https://www.meituan.com/meishi/835856166/,5.0,27,15.0,华新镇
1点点（万安店）,https://www.meituan.com/meishi/184188580/,4.3,0,17.0,朱泾镇
悸动烧仙草（崇明八一路店）,https://www.meituan.com/meishi/42218983/,4.4,1021,15.0,南门
1点点（新溪路店）,https://www.meituan.com/meishi/182044132/,4.3,0,15.0,朱家角/东方绿舟
茶百道（浦东惠南店）,https://www.meituan.com/meishi/786723337/,4.8,62,16.0,惠南镇
茶百道（森兰商都店）,https://www.meituan.com/meishi/802041385/,4.5,33,16.0,外高桥
悸动烧仙草（鹿溪北路店）,https://www.meituan.com/meishi/1341328672/,4.5,141,15.0,迪士尼
悸动烧仙草（浦东川黄路店）,https://www.meituan.com/meishi/1539023436/,4.1,113,15.0,川沙
CoCo都可（金山张堰店）,https://www.meituan.com/meishi/180667377/,4.3,509,13.0,金山区
珍奶会所（鹿都国际商业广场店）,https://www.meituan.com/meishi/90924981/,4.7,447,15.0,松江镇
CoCo都可（青浦区宝龙广场店）,https://www.meituan.com/meishi/165580376/,4.0,332,12.0,青浦城区
KOI Thé（莘庄维璟印象城店）,https://www.meituan.com/meishi/158657671/,4.2,72,23.0,七宝
1点点（青浦万达茂广场店）,https://www.meituan.com/meishi/195960789/,3.9,0,15.0,青浦城区
茶百道（金山百联店）,https://www.meituan.com/meishi/1052040247/,4.5,91,16.0,金山卫
茶百道（奉贤大学城店）,https://www.meituan.com/meishi/1686955814/,4.7,30,15.0,海湾旅游区
CoCo都可（万达茂店）,https://www.meituan.com/meishi/194641598/,4.2,461,12.0,青浦城区
CoCo都可（马陆地铁店）,https://www.meituan.com/meishi/1420416027/,4.2,204,11.0,马陆镇
茶百道（宝山牡丹江店）,https://www.meituan.com/meishi/1726241739/,4.5,44,16.0,宝山城区/吴淞
茶百道（松江泗泾店）,https://www.meituan.com/meishi/1151980433/,4.7,43,16.0,泗泾镇
蜀色茶颜（上海江桥万达店）,https://www.meituan.com/meishi/519389699/,4.7,162,14.0,江桥
CoCo都可（城中东店）,https://www.meituan.com/meishi/95293121/,4.5,485,13.0,青浦城区
悸动烧仙草（浦东台儿庄路店）,https://www.meituan.com/meishi/1789211717/,4.0,23,17.0,金桥
1点点（江桥万达店）,https://www.meituan.com/meishi/51187249/,4.4,0,18.0,江桥
CoCo都可（宝龙活力街店）,https://www.meituan.com/meishi/1875238350/,4.0,47,13.0,青浦城区
茶百道（普陀百联中环店）,https://www.meituan.com/meishi/1890773251/,4.1,38,16.0,梅川路步行街
CoCo都可（亭林寺平北店）,https://www.meituan.com/meishi/169379476/,4.1,462,13.0,亭林镇
1点点（嘉定日月光店）,https://www.meituan.com/meishi/96634712/,4.3,0,15.0,嘉定镇
悸动烧仙草（奉浦店）,https://www.meituan.com/meishi/74961006/,4.3,280,15.0,奉浦
茶百道（松江万达店）,https://www.meituan.com/meishi/1798911078/,4.3,31,16.0,松江万达广场
茶百道（七宝老街店）,https://www.meituan.com/meishi/1636220220/,4.4,16,15.0,七宝
CoCo都可（奉城城大店）,https://www.meituan.com/meishi/77137190/,4.5,674,10.0,奉城镇
CoCo都可（奉贤海湾应技大店）,https://www.meituan.com/meishi/162993255/,4.2,110,13.0,海湾旅游区
茶百道（浦江生活广场店）,https://www.meituan.com/meishi/1150118263/,4.5,62,15.0,浦江镇
CoCo都可（长兴岛店）,https://www.meituan.com/meishi/165296701/,4.5,244,12.0,长兴岛
茶百道（光启城店）,https://www.meituan.com/meishi/1703003475/,4.5,35,15.0,光启城
桂源铺（宝山U天地店）,https://www.meituan.com/meishi/1511168288/,4.7,293,15.0,美兰湖
悸动烧仙草（江桥万达店）,https://www.meituan.com/meishi/1074512081/,4.2,294,12.0,江桥
1点点（松江万达店）,https://www.meituan.com/meishi/94367245/,4.1,0,17.0,松江万达广场
CoCo都可（龙湖天街华泾店）,https://www.meituan.com/meishi/1602472408/,4.4,281,12.0,徐汇区
悸动烧仙草（松江沪亭北路店）,https://www.meituan.com/meishi/1823000130/,4.2,63,16.0,九亭
CoCo都可（大润发华漕店）,https://www.meituan.com/meishi/150458996/,4.0,508,11.0,华漕
茶百道（新达汇三林店）,https://www.meituan.com/meishi/1270257939/,4.7,37,16.0,世博园
快乐柠檬happylemon（鹤沙航城店）,https://www.meituan.com/meishi/158862660/,4.2,273,19.0,迪士尼
CoCo都可（松江万达店）,https://www.meituan.com/meishi/91779191/,4.3,491,13.0,松江万达广场
茶百道（庙前街店）,https://www.meituan.com/meishi/1670710699/,4.6,116,15.0,松江镇
蜜雪冰城（海汇街店）,https://www.meituan.com/meishi/184494514/,4.0,5,7.0,金山卫
CoCo都可（嘉亭荟店）,https://www.meituan.com/meishi/164346241/,4.4,652,12.0,安亭镇
厝内小眷村（浦东新大陆店）,https://www.meituan.com/meishi/159685613/,4.2,106,27.0,八佰伴
桂源铺（浦东百联临沂店）,https://www.meituan.com/meishi/165529550/,4.2,486,15.0,临沂/南码头
CoCo都可（华新店）,https://www.meituan.com/meishi/4036547/,4.4,313,10.0,华新镇
茶百道（华泾龙湖天街店）,https://www.meituan.com/meishi/1145781285/,4.5,33,16.0,徐汇区
悸动烧仙草（鹿溪北路店）,https://www.meituan.com/meishi/1341328672/,4.5,141,15.0,迪士尼
CoCo都可（人民广场店）,https://www.meituan.com/meishi/450443/,4.0,475,10.0,人民广场/南京路
1点点（临港宝龙店）,https://www.meituan.com/meishi/184283920/,3.6,0,16.0,泥城
和气桃桃（银座荟店）,https://www.meituan.com/meishi/187228149/,4.3,38,17.0,八佰伴
茶百道（民耀路店）,https://www.meituan.com/meishi/1093859284/,4.4,12,16.0,曹路
CoCo都可（金山百联店）,https://www.meituan.com/meishi/52329607/,4.2,855,13.0,卫清路
悸动烧仙草（新世界美食城店）,https://www.meituan.com/meishi/1367064236/,3.8,44,15.0,南汇新城
茶百道（宝杨宝龙广场店）,https://www.meituan.com/meishi/517546361/,4.3,33,15.0,宝山城区/吴淞
茶百道（绚荟城店）,https://www.meituan.com/meishi/1728251394/,4.8,42,16.0,春申地区
CoCo都可（连城一号店）,https://www.meituan.com/meishi/41287118/,4.3,1003,13.0,西渡镇
茶百道（航头店）,https://www.meituan.com/meishi/1857017204/,4.8,26,16.0,航头
茶百道（招商花园城店）,https://www.meituan.com/meishi/698903005/,4.8,21,15.0,杨行镇
茶百道（徐汇交大番禺路店）,https://www.meituan.com/meishi/1438793310/,4.7,10,16.0,徐家汇
CoCo都可（南翔印象城MEGA店）,https://www.meituan.com/meishi/1235871712/,4.2,210,13.0,南翔
张阿姨奶茶（崇明八一路店）,https://www.meituan.com/meishi/156797874/,4.6,875,13.0,南门
CoCo都可（信业店）,https://www.meituan.com/meishi/1191946532/,4.1,354,15.0,嘉定镇
悸动烧仙草（天山路店）,https://www.meituan.com/meishi/1213500449/,4.3,20,16.0,天山
1点点（新源店）,https://www.meituan.com/meishi/95027988/,4.2,0,16.0,安亭新源路
CoCo都可（嘉定南翔店）,https://www.meituan.com/meishi/2673352/,4.0,643,12.0,南翔
CoCo都可（夏碧二店）,https://www.meituan.com/meishi/165653099/,4.2,309,12.0,外高桥
CoCo都可（嘉定日月光店）,https://www.meituan.com/meishi/164363910/,4.5,392,12.0,嘉定镇
CoCo都可（江文店）,https://www.meituan.com/meishi/42626222/,4.1,551,12.0,闵浦
茶百道（静安国际中心店）,https://www.meituan.com/meishi/1655362606/,4.7,9,16.0,上海火车站/客运汽车总站
CoCo都可（京华门店）,https://www.meituan.com/meishi/1599904/,4.1,133,13.0,徐泾
CoCo都可（浦江万达店）,https://www.meituan.com/meishi/1954084810/,4.5,701,12.0,浦江镇
茶百道（延长中路店）,https://www.meituan.com/meishi/1634943107/,4.5,31,16.0,大宁地区
CoCo都可（金桥易初莲花店）,https://www.meituan.com/meishi/475367/,4.3,396,12.0,金桥
茶百道（打浦桥日月光店）,https://www.meituan.com/meishi/1096590561/,4.0,115,16.0,打浦桥/田子坊
CoCo都可（新达汇三林店）,https://www.meituan.com/meishi/501974692/,4.3,414,11.0,世博园
桂源铺（中山公园龙之梦店）,https://www.meituan.com/meishi/150537651/,4.5,659,15.0,中山公园/江苏路
CoCo都可（港城广场店）,https://www.meituan.com/meishi/1359041805/,4.6,17,13.0,南汇新城
CoCo都可（嘉定宝龙店）,https://www.meituan.com/meishi/125140702/,4.7,615,12.0,嘉定新城
悸动烧仙草（闵行东川路店）,https://www.meituan.com/meishi/1166364952/,4.7,87,15.0,老闵行/交大师大
茶百道（东方懿德城店）,https://www.meituan.com/meishi/1112879454/,4.3,10,15.0,浦江镇
CoCo都可（Jic静安国际中心店）,https://www.meituan.com/meishi/1378510428/,4.0,8,13.0,上海火车站/客运汽车总站
7分甜（上海青浦万达茂店）,https://www.meituan.com/meishi/192978193/,4.5,336,19.0,青浦城区
茶百道（天钥桥路店）,https://www.meituan.com/meishi/631713844/,4.5,41,16.0,徐家汇
CoCo都可（平城店）,https://www.meituan.com/meishi/96260457/,4.0,141,13.0,嘉定镇
茶百道（汇宝购物广场店）,https://www.meituan.com/meishi/1925416485/,4.5,54,16.0,七宝
悸动烧仙草（金汇路店）,https://www.meituan.com/meishi/1828617038/,4.3,113,15.0,虹桥镇
1点点（牡丹江店）,https://www.meituan.com/meishi/51776399/,4.3,0,25.0,宝山城区/吴淞
1点点（青浦宝龙店）,https://www.meituan.com/meishi/189366873/,3.9,0,17.0,青浦城区
CoCo都可（崇明八一店）,https://www.meituan.com/meishi/3289525/,4.3,542,10.0,南门
CoCo都可（金山万达一店）,https://www.meituan.com/meishi/113686460/,4.2,527,12.0,金山万达
茶百道（八一路店）,https://www.meituan.com/meishi/1207413565/,4.4,45,15.0,南门
茉沏（松江大学城店）,https://www.meituan.com/meishi/1607291924/,4.5,37,15.0,松江大学城
CoCo都可（墨玉店）,https://www.meituan.com/meishi/41782309/,3.8,374,13.0,安亭镇
茶百道（紫荆广场店）,https://www.meituan.com/meishi/1228994894/,4.1,38,16.0,控江地区
CoCo都可（临港宝龙店）,https://www.meituan.com/meishi/164483685/,4.1,757,12.0,泥城
CoCo都可（棕榈广场店）,https://www.meituan.com/meishi/113397928/,4.4,234,13.0,新桥
茶百道（祝桥店）,https://www.meituan.com/meishi/1362914656/,4.8,35,16.0,祝桥
茶百道（闵行欧尚店）,https://www.meituan.com/meishi/1846266303/,4.7,28,15.0,老闵行/交大师大
茶百道（龙阳广场店）,https://www.meituan.com/meishi/1637756341/,4.5,71,16.0,世纪公园/科技馆
茶百道（宝山万达店）,https://www.meituan.com/meishi/1192417009/,4.3,27,16.0,庙行/共康
Jidong悸动奶茶烧仙草（南汇汽车站店）,https://www.meituan.com/meishi/50239972/,4.1,702,15.0,惠南镇
茶百道（徐汇绿地缤纷城店）,https://www.meituan.com/meishi/1501444277/,4.3,29,15.0,龙华/西岸
CoCo都可（新城万达店）,https://www.meituan.com/meishi/184309881/,4.4,804,12.0,嘉定新城
悸动烧仙草（锦绣华润万家店）,https://www.meituan.com/meishi/1401278804/,4.4,96,15.0,北蔡
娃哈哈奶茶（蓝村店）,https://www.meituan.com/meishi/636716590/,4.2,38,15.0,塘桥
沪上阿姨鲜果茶（西藏南二店）,https://www.meituan.com/meishi/765609120/,4.6,387,15.0,老西门/陆家浜路
悸动烧仙草（松江九新公路店）,https://www.meituan.com/meishi/1437263672/,4.5,122,15.0,九亭
CoCo都可（城中二店）,https://www.meituan.com/meishi/1601316/,4.2,530,12.0,嘉定镇
茶百道（沪亭北路店）,https://www.meituan.com/meishi/798750907/,4.6,24,15.0,九亭
CoCo都可（张江欧尚店）,https://www.meituan.com/meishi/1188589063/,4.2,142,13.0,张江
悸动烧仙草（青浦京华路店）,https://www.meituan.com/meishi/1478939549/,4.7,215,15.0,徐泾
7分甜（上海浦东啦啦宝都店）,https://www.meituan.com/meishi/1860942425/,4.3,172,18.0,金桥
茶百道（奉贤南桥店）,https://www.meituan.com/meishi/1613447888/,4.2,51,15.0,南桥
1点点（飞航广场店）,https://www.meituan.com/meishi/187082559/,4.4,0,17.0,飞航广场
CoCo都可（近铁广场店）,https://www.meituan.com/meishi/1743925655/,4.3,290,12.0,真北中环
张阿姨奶茶（八一路2店）,https://www.meituan.com/meishi/157800698/,4.6,1625,13.0,南门
蜜雪冰城·冰淇淋与茶（东门大街店）,https://www.meituan.com/meishi/80329733/,4.5,860,5.0,惠南镇
CoCo都可（机场镇沃尔玛店）,https://www.meituan.com/meishi/5307267/,4.4,517,13.0,浦东机场/机场镇
CoCo都可（青安路店）,https://www.meituan.com/meishi/165341627/,4.3,405,12.0,青浦城区
茶百道（惠南二店）,https://www.meituan.com/meishi/1142712131/,4.7,26,15.0,惠南镇
沪上阿姨鲜果茶（周浦万达店）,https://www.meituan.com/meishi/591027716/,4.5,144,15.0,康桥/周浦
CoCo都可（宝山万达金街店）,https://www.meituan.com/meishi/40710911/,4.1,556,13.0,庙行/共康
CoCo都可（新理想店）,https://www.meituan.com/meishi/83608852/,4.4,861,12.0,新理想广场
CoCo都可（瞿溪店）,https://www.meituan.com/meishi/1581415/,4.0,372,13.0,打浦桥/田子坊
茶百道（复旦软件园店）,https://www.meituan.com/meishi/1038497960/,4.6,42,16.0,平凉路/东外滩
茶百道（召楼星天地店）,https://www.meituan.com/meishi/1524040637/,4.7,24,15.0,浦江镇
茶百道（唐镇阳光天地店）,https://www.meituan.com/meishi/580858537/,4.7,24,15.0,唐镇
茶百道（大木桥路店）,https://www.meituan.com/meishi/855485470/,4.8,30,15.0,肇嘉浜路/中山医院
茶百道（东昌路店）,https://www.meituan.com/meishi/535619742/,4.8,18,16.0,陆家嘴
CoCo都可（吴泾宝龙店）,https://www.meituan.com/meishi/160148669/,4.2,292,12.0,吴泾镇
蜜雪冰城（昌里路店）,https://www.meituan.com/meishi/793213392/,4.2,379,7.0,上南地区
茶百道（环贸广场店）,https://www.meituan.com/meishi/729360182/,4.1,24,16.0,淮海路
1点点（张江汇智店）,https://www.meituan.com/meishi/40685654/,4.0,0,16.0,张江
CoCo都可（奉贤人民南店）,https://www.meituan.com/meishi/6015923/,4.4,988,12.0,南桥
CoCo都可（龙湖天街店）,https://www.meituan.com/meishi/192750737/,4.0,228,13.0,国家会展中心
茶百道（新天地马当路店）,https://www.meituan.com/meishi/1204835073/,3.9,40,16.0,淮海路
茶百道（蓝村路店）,https://www.meituan.com/meishi/1121574401/,4.8,24,15.0,塘桥
茶百道（昌里路店）,https://www.meituan.com/meishi/195076585/,4.5,22,15.0,上南地区
茶百道（益江路店）,https://www.meituan.com/meishi/1131472261/,4.9,20,15.0,张江
桂源铺（北翼广场店）,https://www.meituan.com/meishi/159875810/,4.5,494,13.0,宝山城区/吴淞
1点点（蒙山路店）,https://www.meituan.com/meishi/115041399/,4.3,0,15.0,金山卫
CoCo都可（南汇大润发店）,https://www.meituan.com/meishi/5880112/,4.1,1061,13.0,惠南镇
CoCo都可（铁峰店）,https://www.meituan.com/meishi/5457671/,4.4,366,12.0,杨行镇
巡茶（七宝店）,https://www.meituan.com/meishi/177277024/,4.6,128,18.0,七宝
茶百道（爱琴海店）,https://www.meituan.com/meishi/1043392867/,4.3,42,15.0,虹桥镇
CoCo都可（奉贤瓦洪店）,https://www.meituan.com/meishi/119430377/,4.5,161,13.0,奉贤区
CoCo都可（恒越荣欣广场店）,https://www.meituan.com/meishi/1292876917/,4.5,98,13.0,曹路
阿姨奶茶（清峪路店）,https://www.meituan.com/meishi/831972298/,4.3,15,14.0,梅川路步行街
茶百道（古方路店）,https://www.meituan.com/meishi/1290050948/,4.4,46,16.0,莲花路/南方商城
CoCo都可（高行沃尔玛店）,https://www.meituan.com/meishi/164488020/,4.2,346,13.0,高行
悸动奶茶烧仙草（曹建路店）,https://www.meituan.com/meishi/168230991/,3.6,43,16.0,唐湾镇/曹行镇
茶百道（田林路店）,https://www.meituan.com/meishi/195227832/,4.4,25,15.0,漕河泾/田林
茶百道（闻喜路店）,https://www.meituan.com/meishi/723901127/,4.6,24,15.0,彭浦新村
蜜雪冰城新鮮冰淇淋·茶飮（江桥万达店）,https://www.meituan.com/meishi/193580491/,4.5,1466,7.0,江桥
CoCo都可（隆昌店）,https://www.meituan.com/meishi/76944115/,4.3,416,10.0,平凉路/东外滩
CoCo都可（龙湖闵行天街店）,https://www.meituan.com/meishi/853245130/,4.5,645,13.0,老闵行/交大师大
茶百道（周浦万达店）,https://www.meituan.com/meishi/1798780355/,4.4,39,15.0,康桥/周浦
CoCo都可（松江店）,https://www.meituan.com/meishi/4009304/,4.3,428,13.0,松江镇
悸动烧仙草（万达广场店）,https://www.meituan.com/meishi/617735675/,4.4,32,16.0,宝山万达广场
CoCo都可（唐镇店）,https://www.meituan.com/meishi/193812321/,4.5,255,13.0,唐镇
蜜雪冰城（晨阳路店）,https://www.meituan.com/meishi/1374531636/,4.5,226,7.0,浦东机场/机场镇
CoCo都可（荣乐莲花店）,https://www.meituan.com/meishi/42269320/,4.4,470,13.0,松江镇
CoCo都可（日月光店）,https://www.meituan.com/meishi/1580262/,4.1,905,12.0,打浦桥/田子坊
茶百道（中原欧尚店）,https://www.meituan.com/meishi/1614481610/,4.7,25,16.0,中原地区
CoCo都可（江川二店）,https://www.meituan.com/meishi/164492436/,4.2,363,10.0,老闵行/交大师大
宫野奶茶,https://www.meituan.com/meishi/1040770023/,4.9,34,15.0,松江镇
茶百道（金海宝龙店）,https://www.meituan.com/meishi/1616822536/,4.6,35,15.0,曹路
蜜雪冰城（文汇路店）,https://www.meituan.com/meishi/1328543252/,4.3,318,5.0,松江大学城
茶百道（杨思路店）,https://www.meituan.com/meishi/1154030162/,4.6,20,15.0,世博园
CoCo都可（瑞金二路店）,https://www.meituan.com/meishi/116038181/,4.3,388,12.0,淮海路
CoCo都可（新南店）,https://www.meituan.com/meishi/5454803/,4.5,449,11.0,新桥
茶百道（新大陆店）,https://www.meituan.com/meishi/1758001492/,4.5,21,16.0,陆家嘴
CoCo都可（庙前街店）,https://www.meituan.com/meishi/1412629587/,4.4,1071,12.0,松江镇
CoCo都可（博山东店）,https://www.meituan.com/meishi/4950327/,4.2,524,10.0,金杨地区
CoCo都可（经纬汇店）,https://www.meituan.com/meishi/1029522521/,4.1,141,13.0,上海大学
CoCo都可（南汇世纪联华店）,https://www.meituan.com/meishi/165647250/,4.3,401,12.0,惠南镇
茶百道（佘山宝地国际商业广场店）,https://www.meituan.com/meishi/898960353/,4.8,46,15.0,佘山
CoCo都可（大润发奉贤店）,https://www.meituan.com/meishi/477236/,4.3,710,11.0,南桥
CoCo都可（松江九新店）,https://www.meituan.com/meishi/88008792/,4.3,469,12.0,九亭
CoCo都可（控江店）,https://www.meituan.com/meishi/90372666/,4.2,498,13.0,鞍山新村
CoCo都可（常德店）,https://www.meituan.com/meishi/97663862/,4.3,577,10.0,长寿路
CoCo都可（新闸店）,https://www.meituan.com/meishi/500136/,4.2,424,12.0,人民广场/南京路
CoCo都可（乐尚天地店）,https://www.meituan.com/meishi/159634390/,4.4,570,13.0,车墩影视城
CoCo都可（周浦小上海步行街店）,https://www.meituan.com/meishi/6381683/,4.3,561,10.0,康桥/周浦
茶百道（川沙路店）,https://www.meituan.com/meishi/1628696528/,4.3,28,16.0,川沙
CoCo都可（南桥宝龙店）,https://www.meituan.com/meishi/76349049/,4.5,1235,12.0,易买得
茶百道（海上传奇店）,https://www.meituan.com/meishi/518002440/,4.6,28,16.0,御桥
1点点（人民东店）,https://www.meituan.com/meishi/1766823153/,4.2,0,16.0,惠南镇
阿姨奶茶（本溪路店）,https://www.meituan.com/meishi/93862116/,4.3,394,11.0,控江地区
茶百道（秀沿路店）,https://www.meituan.com/meishi/816599375/,4.6,74,16.0,康桥/周浦
CoCo都可（曹路宝龙广场店）,https://www.meituan.com/meishi/50445901/,4.3,526,13.0,曹路
CoCo都可（隆昌店）,https://www.meituan.com/meishi/76944115/,4.3,416,10.0,平凉路/东外滩
CoCo都可（秀沿路店）,https://www.meituan.com/meishi/187704303/,4.4,427,12.0,康桥/周浦
CoCo都可（愚园店）,https://www.meituan.com/meishi/164952212/,4.3,257,11.0,静安寺
CoCo都可（宝山万达二店）,https://www.meituan.com/meishi/160585295/,4.2,473,12.0,庙行/共康
CoCo都可（新川店）,https://www.meituan.com/meishi/165648828/,4.5,343,12.0,川沙
CoCo都可（车站北路店）,https://www.meituan.com/meishi/164688583/,4.5,473,12.0,凉城/江湾镇
奶茶店De酸奶（梅园路店）,https://www.meituan.com/meishi/80166784/,3.9,4,14.0,嘉定镇
茶百道（合生汇店）,https://www.meituan.com/meishi/1318899257/,4.2,47,16.0,五角场/大学区
CoCo都可（金桥大拇指店）,https://www.meituan.com/meishi/152696426/,4.3,330,11.0,金桥
阿姨奶茶（临沂百联店）,https://www.meituan.com/meishi/5151195/,3.9,18,25.0,临沂/南码头
CoCo都可（江苏北店）,https://www.meituan.com/meishi/116423580/,4.1,264,13.0,中山公园/江苏路
阿姨奶茶汉堡手抓饼（虹桥路店）,https://www.meituan.com/meishi/119890275/,4.2,13,19.0,虹桥镇
CoCo都可（五角场万达店）,https://www.meituan.com/meishi/1591604/,4.4,539,12.0,五角场/大学区
点叶·羊乳奶茶（长阳创谷店）,https://www.meituan.com/meishi/186569286/,4.7,233,21.0,平凉路/东外滩
CoCo都可（曲阳家乐福店）,https://www.meituan.com/meishi/5647812/,4.1,497,11.0,曲阳地区
CoCo都可（大宁国际店）,https://www.meituan.com/meishi/171489626/,4.3,343,11.0,大宁地区
阿姨奶茶（平凉路店）,https://www.meituan.com/meishi/42128841/,4.2,557,13.0,平凉路/东外滩
阿姨奶茶（申北路店）,https://www.meituan.com/meishi/41257547/,4.2,142,11.0,莘庄
阿姨奶茶（外卖店）,https://www.meituan.com/meishi/40342498/,4.0,0,0.0,虹桥/古北
阿姨奶茶（新北街店）,https://www.meituan.com/meishi/42002092/,3.9,693,8.0,新桥
阿姨奶茶,https://www.meituan.com/meishi/93680259/,3.9,1,15.0,嘉定新城
阿姨奶茶（南汇大学城店）,https://www.meituan.com/meishi/100693155/,3.9,0,0.0,惠南镇
阿姨奶茶（沪星店）,https://www.meituan.com/meishi/94114187/,3.9,228,9.0,七宝
CoCo都可（小昆山平原店）,https://www.meituan.com/meishi/1392428447/,4.2,246,13.0,松江区
CoCo都可（南门大街店）,https://www.meituan.com/meishi/433241/,4.3,477,12.0,惠南镇
阿姨奶茶（南翔德华路店）,https://www.meituan.com/meishi/41077655/,4.2,399,10.0,南翔
阿姨奶茶（甜爱路店）,https://www.meituan.com/meishi/40262769/,4.1,133,10.0,虹口足球场/鲁迅公园
秋满阿姨奶茶（大润发店）,https://www.meituan.com/meishi/125621191/,4.1,488,18.0,丰庄
秋满阿姨奶茶（桥梓湾店）,https://www.meituan.com/meishi/42067538/,3.9,3264,10.0,青浦城区
憨豆先生·五谷坚果奶茶（祝桥南祝路店）,https://www.meituan.com/meishi/831767629/,3.7,42,16.0,祝桥
阿姨奶茶（浦江店）,https://www.meituan.com/meishi/42789475/,3.8,83,13.0,浦江镇
阿姨奶茶,https://www.meituan.com/meishi/50669057/,4.1,58,9.0,丰庄
阿姨奶茶（安波店）,https://www.meituan.com/meishi/6543490/,4.0,44,8.0,黄兴公园
秋满阿姨奶茶（华星店）,https://www.meituan.com/meishi/157074611/,4.0,2,0.0,祝桥
阿姨奶茶（北艾路店）,https://www.meituan.com/meishi/97493181/,3.9,182,14.0,世博园
阿姨奶茶（龙吴路店）,https://www.meituan.com/meishi/41877050/,4.1,149,8.0,吴泾镇
1点点（悦荟广场店）,https://www.meituan.com/meishi/1832429126/,3.5,0,15.0,人民广场/南京路
悸动烧仙草（松江万达店）,https://www.meituan.com/meishi/93257722/,3.9,406,16.0,松江万达广场
茶百道（莘庄维璟印象城店）,https://www.meituan.com/meishi/1545952581/,4.6,56,16.0,七宝
桂源铺（中环百联店）,https://www.meituan.com/meishi/150005762/,4.4,773,15.0,梅川路步行街
厝内小眷村（大华奥特莱斯店）,https://www.meituan.com/meishi/160002077/,4.2,25,29.0,大华地区
茶百道（洞泾同乐店）,https://www.meituan.com/meishi/1013599493/,4.9,16,16.0,洞泾
CoCo都可（牡丹密山店）,https://www.meituan.com/meishi/97972073/,4.2,526,11.0,宝山城区/吴淞
CoCo都可（江桥家乐福店）,https://www.meituan.com/meishi/118534682/,4.4,413,12.0,江桥
CoCo都可（大润发春申店）,https://www.meituan.com/meishi/490381/,4.4,588,10.0,春申地区
悸动烧仙草（西林街店）,https://www.meituan.com/meishi/610606255/,4.3,44,17.0,朱泾镇
CoCo都可（昌里路店）,https://www.meituan.com/meishi/471677/,4.1,229,11.0,上南地区
巡茶（中信泰富万达店）,https://www.meituan.com/meishi/182044053/,3.9,396,15.0,嘉定新城
7分甜（上海松江鹿都国际店）,https://www.meituan.com/meishi/999815869/,4.5,576,15.0,松江镇
茉沏（上海新田360华侨城店）,https://www.meituan.com/meishi/1706222330/,3.9,1,18.0,浦江镇
茶百道（中冶祥腾店）,https://www.meituan.com/meishi/1344148555/,4.7,25,15.0,南翔
CoCo都可（龙湖一店）,https://www.meituan.com/meishi/163510141/,4.3,273,12.0,顾村公园
桂源铺（松江新理想店）,https://www.meituan.com/meishi/159200647/,4.6,1139,15.0,新理想广场
CoCo都可（喜泉店）,https://www.meituan.com/meishi/184172855/,4.3,671,12.0,外冈镇
悸动烧仙草（新港店）,https://www.meituan.com/meishi/170568939/,4.3,35,17.0,滴水湖临港地区
悸动烧仙草（浦东路店）,https://www.meituan.com/meishi/160536303/,4.6,835,15.0,奉贤区
悸动烧仙草（颛桥万达店）,https://www.meituan.com/meishi/190425953/,4.4,262,15.0,颛桥/北桥
CoCo都可（桃浦新邻店）,https://www.meituan.com/meishi/150027311/,4.4,427,13.0,桃浦
厝内小眷村（宝山绥化店）,https://www.meituan.com/meishi/160800079/,4.6,234,28.0,月浦镇
厝内小眷村（杨浦国定店）,https://www.meituan.com/meishi/177802814/,4.3,11,27.0,五角场/大学区
茶百道（浦三路店）,https://www.meituan.com/meishi/1940010838/,4.4,20,15.0,临沂/南码头
CoCo都可（月浦德都店）,https://www.meituan.com/meishi/184204488/,3.9,371,11.0,月浦镇
CoCo都可（叶榭双高广场店）,https://www.meituan.com/meishi/1474307364/,4.4,119,13.0,叶榭镇
CoCo都可（星华店）,https://www.meituan.com/meishi/65955034/,4.5,328,12.0,封浜镇
茶百道（漕河泾店）,https://www.meituan.com/meishi/731768760/,4.4,17,16.0,虹梅路
CoCo都可（七宝宝龙城店）,https://www.meituan.com/meishi/150425048/,4.2,293,12.0,七宝
茶百道（华漕旭辉店）,https://www.meituan.com/meishi/707388975/,4.8,31,16.0,虹桥火车站/国展中心
CoCo都可（香花桥店）,https://www.meituan.com/meishi/153720137/,4.2,160,13.0,青浦城区
悸动烧仙草（金山松隐店）,https://www.meituan.com/meishi/1693115174/,3.5,5,16.0,金山区
CoCo都可（星游城店）,https://www.meituan.com/meishi/192766273/,4.3,489,12.0,万体馆
CoCo都可（新河镇店）,https://www.meituan.com/meishi/184199717/,4.2,289,12.0,崇明区
CoCo都可（曹王前曹店）,https://www.meituan.com/meishi/1088729515/,4.5,122,13.0,华亭镇
悸动烧仙草（百货店）,https://www.meituan.com/meishi/185876109/,4.2,174,15.0,石化
悸动烧仙草（浦东临港17区店）,https://www.meituan.com/meishi/812964246/,4.4,16,17.0,滴水湖临港地区
CoCo都可（仙霞西店）,https://www.meituan.com/meishi/66671677/,4.3,295,10.0,北新泾/淞虹路
CoCo都可（美兰湖大润发店）,https://www.meituan.com/meishi/40511227/,4.2,220,13.0,美兰湖
茶百道（武宁地铁站店）,https://www.meituan.com/meishi/818606180/,4.7,15,15.0,长寿路
悸动烧仙草（东郊百联店）,https://www.meituan.com/meishi/1555589386/,4.0,31,15.0,御桥
CoCo都可（天钥桥汇联店）,https://www.meituan.com/meishi/42883865/,4.1,516,13.0,徐家汇
CoCo都可（南翔五彩城店）,https://www.meituan.com/meishi/40967368/,4.0,379,11.0,南翔
悸动烧仙草（奉城店）,https://www.meituan.com/meishi/457024/,4.2,286,15.0,奉城镇
茶百道（殷高西路店）,https://www.meituan.com/meishi/758744828/,4.6,15,16.0,高境
悸动烧仙草（浦东城东路店）,https://www.meituan.com/meishi/1226436252/,4.5,125,15.0,惠南镇
悸动烧仙草（电台路店）,https://www.meituan.com/meishi/552425253/,4.1,31,17.0,顾村公园
CoCo都可（虹桥天地店）,https://www.meituan.com/meishi/195218912/,4.4,269,12.0,国家会展中心
1点点（乐尚天地店）,https://www.meituan.com/meishi/159206521/,4.0,0,18.0,车墩影视城
1点点（青浦奥特莱斯店）,https://www.meituan.com/meishi/157863455/,3.7,4,15.0,赵巷镇
悸动烧仙草（川沙绿地广场店）,https://www.meituan.com/meishi/1170100680/,4.3,200,12.0,川沙
桂源铺（嘉定日月光店）,https://www.meituan.com/meishi/160767883/,4.4,433,18.0,嘉定镇
茶百道（太平洋森活天地店）,https://www.meituan.com/meishi/1428558911/,4.3,41,14.0,五角场/大学区
悸动烧仙草（博山路店）,https://www.meituan.com/meishi/1510814098/,3.7,79,16.0,洋泾
桂源铺（南桥宝龙广场店）,https://www.meituan.com/meishi/835343638/,4.7,289,19.0,易买得
CoCo都可（聚丰园路店）,https://www.meituan.com/meishi/420037/,4.3,531,12.0,上海大学
CoCo都可（南泉北路店）,https://www.meituan.com/meishi/419387/,4.1,548,12.0,八佰伴
茶百道（福州路店）,https://www.meituan.com/meishi/1822806642/,4.3,53,14.0,人民广场/南京路
CoCo都可（博隆广场店）,https://www.meituan.com/meishi/190897534/,4.7,332,13.0,华新镇
悸动烧仙草（大同路店）,https://www.meituan.com/meishi/1851931205/,4.2,123,15.0,外高桥
7分甜（上海长宁馥邦汇店）,https://www.meituan.com/meishi/901738463/,4.5,114,20.0,北新泾/淞虹路
厝内小眷村（七宝青年店）,https://www.meituan.com/meishi/158878086/,4.5,7,25.0,七宝
CoCo都可（沪亭北店）,https://www.meituan.com/meishi/96228092/,4.2,427,12.0,九亭
CoCo都可（大连路店）,https://www.meituan.com/meishi/41513736/,4.1,340,12.0,北外滩/外白渡桥
CoCo都可（龙阳二店）,https://www.meituan.com/meishi/1074546756/,4.2,674,12.0,世纪公园/科技馆
CoCo都可（新金汇店）,https://www.meituan.com/meishi/1983195578/,4.4,252,12.0,川沙
悸动烧仙草（青浦万达茂店）,https://www.meituan.com/meishi/194536512/,3.7,290,15.0,青浦城区
1点点（中冶翔腾店）,https://www.meituan.com/meishi/52195070/,4.4,0,15.0,南翔
1点点（奉贤宝龙广场店）,https://www.meituan.com/meishi/71460901/,4.1,0,16.0,易买得
桂源铺（宝山龙湖天街一店）,https://www.meituan.com/meishi/1033304388/,4.4,236,20.0,宝山区
CoCo都可（兰溪二店）,https://www.meituan.com/meishi/2869911/,3.9,286,13.0,曹杨地区
CoCo都可（花都荟店）,https://www.meituan.com/meishi/507209001/,4.3,243,13.0,嘉定镇
1点点（永德店）,https://www.meituan.com/meishi/99898764/,4.2,0,16.0,吴泾镇
7分甜（嘉定大润发店）,https://www.meituan.com/meishi/1451027000/,4.7,207,20.0,嘉定镇
CoCo都可（凌空soho店）,https://www.meituan.com/meishi/78253100/,4.4,261,13.0,北新泾/淞虹路
1点点（静安大融城店）,https://www.meituan.com/meishi/185478938/,4.1,0,17.0,彭浦镇
悸动烧仙草（百联又一城店）,https://www.meituan.com/meishi/1790802684/,4.2,89,17.0,五角场/大学区
1点点（奉贤海泉店）,https://www.meituan.com/meishi/1858422226/,4.4,0,15.0,海湾旅游区
CoCo都可（虹口龙之梦店）,https://www.meituan.com/meishi/500755/,4.1,539,12.0,虹口足球场/鲁迅公园
悸动烧仙草（车峰路店）,https://www.meituan.com/meishi/676998716/,4.2,66,16.0,车墩影视城
茶百道（艾尚天地店）,https://www.meituan.com/meishi/1012003626/,4.8,21,15.0,四川北路/海伦路
7分甜（上海静安大悦城店）,https://www.meituan.com/meishi/1723468986/,4.5,250,20.0,大悦城
1点点（昌里店）,https://www.meituan.com/meishi/604586790/,4.3,0,14.0,上南地区
CoCo都可（崇明万达广场店）,https://www.meituan.com/meishi/1853818885/,3.8,131,13.0,南门
1点点（灵岩南店）,https://www.meituan.com/meishi/40753699/,4.2,0,16.0,三林地区
CoCo都可（嘉定同济大学店）,https://www.meituan.com/meishi/160169379/,4.3,210,13.0,安亭黄渡镇
1点点（东鼎店）,https://www.meituan.com/meishi/92861396/,4.1,0,18.0,新松江路
悸动烧仙草（红林路店）,https://www.meituan.com/meishi/1580542524/,4.1,22,17.0,杨行镇
1点点（罗宾森店）,https://www.meituan.com/meishi/5997454/,4.2,0,15.0,嘉定镇
茶百道（年家浜路店）,https://www.meituan.com/meishi/1351564880/,4.6,32,15.0,康桥/周浦
7分甜（上海龙华绿地滨江店）,https://www.meituan.com/meishi/1222035967/,4.6,68,20.0,龙华/西岸
CoCo都可（漕宝日月光）,https://www.meituan.com/meishi/180649386/,4.3,637,12.0,漕河泾/田林
悸动烧仙草（杨园月亮湾店）,https://www.meituan.com/meishi/1119821804/,4.4,125,16.0,高东/杨园
悸动烧仙草（南门码头店）,https://www.meituan.com/meishi/194035355/,4.1,350,15.0,南门
CoCo都可（开元地中海店）,https://www.meituan.com/meishi/157076400/,4.4,630,12.0,松江大学城
CoCo都可（育英店）,https://www.meituan.com/meishi/40437225/,3.9,243,10.0,马陆镇
桂源铺（静安南京西路店）,https://www.meituan.com/meishi/807072202/,4.5,80,19.0,人民广场/南京路
桂源铺（闵行颛桥万达店）,https://www.meituan.com/meishi/1083004342/,4.5,282,19.0,颛桥/北桥
1点点（周浦万达店）,https://www.meituan.com/meishi/40623453/,4.3,0,17.0,康桥/周浦
悸动烧仙草（浦东康士路店）,https://www.meituan.com/meishi/1252367440/,4.4,19,17.0,御桥
CoCo都可（奉贤贝港店）,https://www.meituan.com/meishi/160702334/,4.6,538,12.0,南桥
悸动烧仙草（静安阳城路店）,https://www.meituan.com/meishi/1288889243/,4.4,57,16.0,大华地区
悸动烧仙草（普光路店）,https://www.meituan.com/meishi/169525697/,4.4,131,15.0,青浦城区
CoCo都可（泗泾店）,https://www.meituan.com/meishi/41047407/,4.3,399,13.0,泗泾镇
茶百道（陆家浜路店）,https://www.meituan.com/meishi/692071589/,4.2,16,16.0,董家渡/南浦大桥
7分甜（上海静安王子百货店）,https://www.meituan.com/meishi/1969544977/,4.9,175,20.0,西藏北路/中兴路
和气桃桃（惠南店）,https://www.meituan.com/meishi/1974853895/,4.3,22,17.0,惠南镇
悸动烧仙草（淞滨路二店）,https://www.meituan.com/meishi/583114420/,4.0,61,16.0,宝山城区/吴淞
CoCo都可（马桥万达店）,https://www.meituan.com/meishi/1803060702/,4.7,65,13.0,闵行开发区
茶百道（丰庄路店）,https://www.meituan.com/meishi/763207760/,4.6,38,15.0,丰庄
世界茶饮（九亭大街店）,https://www.meituan.com/meishi/184772749/,4.3,415,15.0,九亭
悸动烧仙草（泗泾三湘广场店）,https://www.meituan.com/meishi/704519636/,4.2,54,17.0,泗泾镇
茉沏（丁香国际店）,https://www.meituan.com/meishi/809032790/,4.0,33,16.0,联洋
桂源铺（紫荆广场店）,https://www.meituan.com/meishi/761048085/,4.5,669,15.0,控江地区
CoCo都可（新田360广场店）,https://www.meituan.com/meishi/5450957/,3.8,398,10.0,浦江镇
1点点（荊州店）,https://www.meituan.com/meishi/41472215/,3.8,0,16.0,控江地区
茶海棠（康桥大润发店）,https://www.meituan.com/meishi/1905266082/,4.2,60,13.0,康桥/周浦
Jidong悸动烧仙草（新场店）,https://www.meituan.com/meishi/179335019/,4.2,195,15.0,新场
CoCo都可（大统店）,https://www.meituan.com/meishi/6895764/,4.2,406,10.0,北区汽车站
CoCo都可（佘山桃源路店）,https://www.meituan.com/meishi/168575143/,4.4,400,12.0,佘山
CoCo都可（南翔老街店）,https://www.meituan.com/meishi/990640954/,4.3,376,12.0,南翔
CoCo都可（川沙路店）,https://www.meituan.com/meishi/604523876/,4.4,39,13.0,川沙
7分甜（上海南翔五彩城店）,https://www.meituan.com/meishi/190428997/,4.7,195,20.0,南翔
悸动烧仙草（浦东中科路店）,https://www.meituan.com/meishi/1856530881/,4.3,124,15.0,张江
CoCo都可（新城地铁店）,https://www.meituan.com/meishi/80733554/,4.2,763,13.0,松江镇
CoCo都可（晶耀前滩店）,https://www.meituan.com/meishi/1881150097/,4.4,220,13.0,世博园
CoCo都可（小昆山平原店）,https://www.meituan.com/meishi/1392428447/,4.2,246,13.0,松江区
TPLUS茶家（紫荆广场店）,https://www.meituan.com/meishi/1176178205/,4.2,15,16.0,控江地区
悸动烧仙草（奉炮公路店）,https://www.meituan.com/meishi/1113072774/,4.5,78,15.0,海湾旅游区
CoCo都可（共富路店）,https://www.meituan.com/meishi/5241074/,4.3,347,12.0,庙行/共康
CoCo都可（香港名都店）,https://www.meituan.com/meishi/81434974/,4.4,580,12.0,城隍庙/豫园
CoCo都可（静安大融城店）,https://www.meituan.com/meishi/164488198/,4.3,669,13.0,大华地区
1点点（李子园店）,https://www.meituan.com/meishi/1878805392/,4.0,0,16.0,桃浦
悸动烧仙草（宣中路店）,https://www.meituan.com/meishi/181381145/,3.8,34,16.0,迪士尼
TPLUS茶家（定西路店）,https://www.meituan.com/meishi/159636185/,4.3,17,22.0,中山公园/江苏路
茶百道（协信星光店）,https://www.meituan.com/meishi/1926926013/,4.4,81,16.0,市北工业园/汶水路
悸动烧仙草（凤中路店）,https://www.meituan.com/meishi/193380767/,4.6,176,15.0,凤溪
桂源铺（新达汇三林店）,https://www.meituan.com/meishi/1011357766/,4.7,561,17.0,世博园
茶百道（民星路店）,https://www.meituan.com/meishi/1314106914/,4.5,85,14.0,中原地区
悸动烧仙草（新凤店）,https://www.meituan.com/meishi/164563118/,4.7,83,17.0,华新镇
茶百道（荆州路店）,https://www.meituan.com/meishi/510467161/,4.5,18,16.0,大连路地铁站
1点点（青浦苏杭时代店）,https://www.meituan.com/meishi/1854313539/,4.1,0,17.0,华新镇
1点点（仓场路店）,https://www.meituan.com/meishi/90339545/,4.2,0,17.0,嘉定镇
悸动烧仙草（上海之鱼店）,https://www.meituan.com/meishi/1253576391/,4.4,41,16.0,奉贤区
沪上阿姨鲜果茶（东方渔港店）,https://www.meituan.com/meishi/771861807/,4.4,70,15.0,长兴岛
CoCo都可（莘庄维璟印象城店）,https://www.meituan.com/meishi/158880472/,4.2,692,12.0,莘庄
1点点（繁兴店）,https://www.meituan.com/meishi/81820757/,4.4,0,16.0,华漕
CoCo都可（福海店）,https://www.meituan.com/meishi/41865539/,4.5,515,12.0,嘉定镇
CoCo都可（南门大街店）,https://www.meituan.com/meishi/433241/,4.3,477,12.0,惠南镇
悸动烧仙草（拱川路店）,https://www.meituan.com/meishi/194302879/,3.9,109,15.0,惠南镇
悸动烧仙草（塘西街店）,https://www.meituan.com/meishi/186318128/,4.5,139,15.0,美兰湖
1点点（青浦吾悅店）,https://www.meituan.com/meishi/96487381/,4.1,0,16.0,青浦城区
1点点（新环广场店）,https://www.meituan.com/meishi/1491303455/,3.9,0,0.0,新场
CoCo都可（阳城店）,https://www.meituan.com/meishi/5350846/,4.0,252,13.0,彭浦镇
CoCo都可（市台路店）,https://www.meituan.com/meishi/165965909/,4.5,502,13.0,市台路
1点点（华泾天街店）,https://www.meituan.com/meishi/1252831592/,3.5,0,14.0,徐汇区
7分甜（上海徐汇汇京国际店）,https://www.meituan.com/meishi/1784131836/,4.5,96,20.0,徐家汇
悸动烧仙草（新华东路店）,https://www.meituan.com/meishi/1300064030/,4.1,53,17.0,金山区
悸动烧仙草（共康路店）,https://www.meituan.com/meishi/194702118/,4.6,187,15.0,庙行/共康
悸动烧仙草（共康路店）,https://www.meituan.com/meishi/194702118/,4.6,187,15.0,庙行/共康
CoCo都可（博乐店）,https://www.meituan.com/meishi/160169708/,4.3,322,13.0,嘉定镇
CoCo都可（东方维京店）,https://www.meituan.com/meishi/184964959/,4.4,108,13.0,虹桥/古北
CoCo都可（孙桥店）,https://www.meituan.com/meishi/190615967/,4.5,443,11.0,迪士尼
CoCo都可（华江店）,https://www.meituan.com/meishi/4109463/,4.1,288,13.0,江桥
悸动烧仙草（广丰路店）,https://www.meituan.com/meishi/184871955/,4.4,55,17.0,奉贤区
CoCo都可（幸福里店）,https://www.meituan.com/meishi/165645257/,4.2,243,12.0,上海影城/新华路
茶百道（漕溪路店）,https://www.meituan.com/meishi/1725788190/,4.5,51,15.0,万体馆
7分甜（上海嘉定罗宾森店）,https://www.meituan.com/meishi/1862579759/,4.7,456,19.0,嘉定镇
CoCo都可（良华广场店）,https://www.meituan.com/meishi/157723981/,3.9,167,14.0,虹桥火车站/机场
CoCo都可（上海湾店）,https://www.meituan.com/meishi/41607512/,4.3,274,11.0,八佰伴
CoCo都可（港城新天地店）,https://www.meituan.com/meishi/739221365/,4.2,227,13.0,南汇新城
桂源铺（青浦富绅中心店）,https://www.meituan.com/meishi/725387837/,4.6,365,16.0,家乐福/富绅国际
桂源铺（安亭财富广场店）,https://www.meituan.com/meishi/152787114/,4.5,473,18.0,安亭镇
1点点（地铁漕河泾店）,https://www.meituan.com/meishi/40367596/,4.4,0,17.0,漕河泾/田林
7分甜（上海浦东世纪汇店）,https://www.meituan.com/meishi/190411898/,4.4,284,17.0,世纪大道
世界茶饮（秀沿路店）,https://www.meituan.com/meishi/162668697/,4.4,549,16.0,康桥/周浦
CoCo都可（金山朱行恒顺店）,https://www.meituan.com/meishi/189313371/,4.3,264,13.0,朱行镇
CoCo都可（镇坪店）,https://www.meituan.com/meishi/4892145/,4.3,375,12.0,中山北路/甘泉地区
7分甜（上海徐汇南洋1931店）,https://www.meituan.com/meishi/946550306/,4.4,117,21.0,徐家汇
巡茶（青浦吾悦广场店）,https://www.meituan.com/meishi/186298343/,4.4,360,17.0,青浦城区
悸动烧仙草（瓯盛广场店）,https://www.meituan.com/meishi/1594065406/,3.8,51,17.0,浦江镇
CoCo都可（曹安大润发店）,https://www.meituan.com/meishi/1594441/,4.4,212,10.0,丰庄
CoCo都可（阳光天地店）,https://www.meituan.com/meishi/113033743/,4.3,285,12.0,高行
7分甜（上海长宁凌空SOHO店）,https://www.meituan.com/meishi/1417523101/,4.6,88,20.0,北新泾/淞虹路
CoCo都可（新中环百联店）,https://www.meituan.com/meishi/1533273557/,4.2,20,14.0,梅川路步行街
桂源铺（恒基名人店）,https://www.meituan.com/meishi/116637512/,4.5,725,15.0,人民广场/南京路
悸动烧仙草（浦东紫薇路店）,https://www.meituan.com/meishi/1001891910/,4.0,59,15.0,张江
CoCo都可（丰庄店）,https://www.meituan.com/meishi/5344225/,4.4,403,12.0,丰庄
悸动烧仙草（金色西郊城店）,https://www.meituan.com/meishi/1469407112/,4.4,43,16.0,北翟路
1点点（森兰广场店）,https://www.meituan.com/meishi/162951374/,4.1,0,20.0,高行
1点点（绿港广场店）,https://www.meituan.com/meishi/108554081/,4.1,0,19.0,青浦城区
7分甜（上海闵行龙湖店）,https://www.meituan.com/meishi/1771721820/,4.7,460,19.0,老闵行/交大师大
1点点（颛桥万达店）,https://www.meituan.com/meishi/180605408/,4.1,0,18.0,颛桥/北桥
茶百道（通河路店）,https://www.meituan.com/meishi/1927837747/,4.3,50,16.0,庙行/共康
CoCo都可（七浦联富店）,https://www.meituan.com/meishi/186565531/,4.2,401,13.0,海宁路/七浦路
7分甜（金桥国际店）,https://www.meituan.com/meishi/1300144938/,4.5,371,18.0,金桥
7分甜（上海浦东恒越荣欣店）,https://www.meituan.com/meishi/1062611850/,4.5,323,20.0,曹路
悸动烧仙草（金山博海路店）,https://www.meituan.com/meishi/1950107378/,4.8,87,16.0,朱行镇
CoCo都可（陈镇店）,https://www.meituan.com/meishi/99176546/,4.1,277,11.0,宝山区
悸动烧仙草（浦东俱进路店）,https://www.meituan.com/meishi/877530286/,3.8,24,17.0,高行
1点点（通河路店）,https://www.meituan.com/meishi/73984267/,4.3,0,23.0,庙行/共康
CoCo都可（海湾上师大二店）,https://www.meituan.com/meishi/180643983/,4.5,143,12.0,海湾旅游区
悸动烧仙草（近铁广场店）,https://www.meituan.com/meishi/551990653/,4.5,32,16.0,真北中环
INCHA印茶（九亭店）,https://www.meituan.com/meishi/1924733142/,4.3,120,14.0,九亭
CoCo都可（黄金城道店）,https://www.meituan.com/meishi/158815708/,4.0,29,13.0,虹桥/古北
7分甜（上海松江九亭金地广场店）,https://www.meituan.com/meishi/519084468/,4.7,181,20.0,九亭
厝内小眷村（长宁定西路店）,https://www.meituan.com/meishi/179963495/,3.9,57,27.0,中山公园/江苏路
1点点（宝杨宝龙店）,https://www.meituan.com/meishi/668577526/,3.8,0,22.0,宝山城区/吴淞
CoCo都可（赤峰四平店）,https://www.meituan.com/meishi/116368709/,4.1,248,13.0,控江地区
桂源铺（融创精彩天地店）,https://www.meituan.com/meishi/897601017/,4.5,303,15.0,金桥
1点点（虹桥南丰城店）,https://www.meituan.com/meishi/99198580/,4.1,0,18.0,虹桥/古北
CoCo都可（东建路店）,https://www.meituan.com/meishi/839170128/,4.7,61,13.0,花木
悸动烧仙草（崇明丰福路店）,https://www.meituan.com/meishi/1487260648/,4.1,97,15.0,长兴岛
CoCo都可（乳山二店）,https://www.meituan.com/meishi/164490467/,4.3,413,13.0,八佰伴
悸动烧仙草（堡镇中路店）,https://www.meituan.com/meishi/180679183/,4.0,62,15.0,堡镇
CoCo都可（松江恒耀店）,https://www.meituan.com/meishi/165649208/,4.5,204,13.0,佘山
7分甜（上海北外滩来福士店）,https://www.meituan.com/meishi/918286939/,4.6,170,21.0,北外滩/外白渡桥
CoCo都可（三林大润发店）,https://www.meituan.com/meishi/150591626/,4.2,349,12.0,三林地区
茉沏（城市集市复地店）,https://www.meituan.com/meishi/786875000/,4.2,37,17.0,御桥
桂源铺（八一广场店）,https://www.meituan.com/meishi/93980175/,4.4,1671,18.0,南门
悸动烧仙草（泥城店）,https://www.meituan.com/meishi/179617669/,4.2,108,15.0,泥城
7分甜（上海浦东晶耀前滩店）,https://www.meituan.com/meishi/192976622/,4.4,201,20.0,世博园
CoCo都可（鑫都世纪联华店）,https://www.meituan.com/meishi/41181944/,4.3,441,13.0,颛桥/北桥
悸动烧仙草（百联西郊购物中心店）,https://www.meituan.com/meishi/791571133/,3.7,25,17.0,北新泾/淞虹路
CoCo都可（广灵一路店）,https://www.meituan.com/meishi/476174/,3.8,210,13.0,赤峰路
桂源铺（松江飞航广场店）,https://www.meituan.com/meishi/194835814/,4.4,1055,15.0,松江镇
1点点（大木桥店）,https://www.meituan.com/meishi/40044525/,4.3,0,15.0,肇嘉浜路/中山医院
Jidong悸动烧仙草（江川路店）,https://www.meituan.com/meishi/1275668035/,4.2,189,15.0,老闵行/交大师大
CoCo都可（泗泾地铁店）,https://www.meituan.com/meishi/156625505/,4.2,356,13.0,泗泾镇
1点点（闵行欧尚店）,https://www.meituan.com/meishi/73595524/,4.1,0,16.0,老闵行/交大师大
7分甜（上海松江大学城店）,https://www.meituan.com/meishi/1368726080/,4.4,254,20.0,松江大学城
1点点（方锦店）,https://www.meituan.com/meishi/989497844/,4.2,0,0.0,安亭镇
1点点（虹桥天地店）,https://www.meituan.com/meishi/68894172/,4.3,0,17.0,虹桥枢纽
悸动烧仙草（松江新镇街店）,https://www.meituan.com/meishi/1417404060/,4.6,188,16.0,新桥
悸动烧仙草（下沙店）,https://www.meituan.com/meishi/1206905062/,4.6,99,15.0,航头
1点点（松汇店）,https://www.meituan.com/meishi/197296885/,4.2,0,15.0,松江镇
CoCo都可（淞南店）,https://www.meituan.com/meishi/99422503/,4.2,337,11.0,淞南
CoCo都可（武夷店）,https://www.meituan.com/meishi/1583811/,4.2,290,13.0,上海影城/新华路
悸动烧仙草（闿和阳光广场店）,https://www.meituan.com/meishi/1539055492/,4.1,27,17.0,杨行镇
CoCo都可（洞泾吉买盛店）,https://www.meituan.com/meishi/42581578/,4.1,440,10.0,洞泾
CoCo都可（庆荣店）,https://www.meituan.com/meishi/193794765/,4.6,419,12.0,合庆
CoCo都可（石家街店）,https://www.meituan.com/meishi/1044551278/,4.1,154,13.0,外高桥
巡茶（浦江店）,https://www.meituan.com/meishi/92551998/,4.8,380,15.0,浦江镇
CoCo都可（杨行北翼店）,https://www.meituan.com/meishi/157079336/,4.1,276,10.0,杨行镇
CoCo都可（环龙店）,https://www.meituan.com/meishi/4639751/,4.3,485,13.0,上海火车站/客运汽车总站
1点点（奉贤南桥店）,https://www.meituan.com/meishi/5432630/,4.3,0,14.0,南桥
蜜雪冰城·冰激淋与茶（松江二店）,https://www.meituan.com/meishi/161086746/,4.5,435,7.0,松江大学城
悸动烧仙草（恒越荣欣广场店）,https://www.meituan.com/meishi/1248581044/,4.4,574,12.0,曹路
1点点（苗圃路店）,https://www.meituan.com/meishi/183282855/,4.3,0,16.0,洋泾
CoCo都可（东方懿德城店）,https://www.meituan.com/meishi/1978852175/,4.5,137,13.0,浦江镇
CoCo都可（泥城大润发店）,https://www.meituan.com/meishi/40887706/,4.3,259,13.0,泥城
1点点（宝山万达店）,https://www.meituan.com/meishi/51560087/,4.2,0,15.0,通河/泗塘
7分甜（上海金茂大厦店）,https://www.meituan.com/meishi/1002654516/,4.6,120,20.0,陆家嘴
悸动烧仙草（汽车城店）,https://www.meituan.com/meishi/1026380646/,4.1,63,16.0,安亭镇
CoCo都可（南桥苏宁店）,https://www.meituan.com/meishi/616312703/,4.3,195,13.0,南桥
世界茶饮（市台路店）,https://www.meituan.com/meishi/194378608/,4.6,13,16.0,南翔
悸动烧仙草（张泽店）,https://www.meituan.com/meishi/192564952/,4.4,203,15.0,叶榭镇
1点点（杨思店）,https://www.meituan.com/meishi/759831865/,4.5,0,18.0,三林地区
CoCo都可（江桥万达店）,https://www.meituan.com/meishi/1597525/,4.1,447,12.0,江桥
桂源铺（浦江万达广场店）,https://www.meituan.com/meishi/1668118222/,4.7,188,19.0,浦江镇
悸动烧仙草（人民东路店）,https://www.meituan.com/meishi/1787531300/,3.9,0,15.0,惠南镇
CoCo都可（金谊广场店）,https://www.meituan.com/meishi/5724311/,4.1,452,13.0,世博园
桂源铺（定西路店）,https://www.meituan.com/meishi/6306834/,4.4,298,15.0,上海影城/新华路
悸动烧仙草（德川路店）,https://www.meituan.com/meishi/185829644/,4.5,136,15.0,川沙
CoCo都可（大华二店）,https://www.meituan.com/meishi/1589135/,4.1,663,12.0,大华地区
老虎堂TIGER SUGAR（新天地广场店）,https://www.meituan.com/meishi/508606824/,3.8,44,28.0,淮海路
桂源铺（浦江生活广场店）,https://www.meituan.com/meishi/92365235/,4.5,756,15.0,浦江镇
7分甜（上海浦东开新里店）,https://www.meituan.com/meishi/588917251/,4.7,142,20.0,御桥
厝内小眷村（浦东南汇华润店）,https://www.meituan.com/meishi/182008249/,4.1,9,28.0,惠南镇
厝内小眷村（宝山罗店宝龙店）,https://www.meituan.com/meishi/1950331027/,4.3,23,28.0,美兰湖
CoCo都可（宝杨宝龙店）,https://www.meituan.com/meishi/1874003666/,4.3,336,13.0,宝山城区/吴淞
桂源铺（嘉定中信泰富万达店）,https://www.meituan.com/meishi/1772183812/,4.6,784,15.0,嘉定新城
CoCo都可（车站北路店）,https://www.meituan.com/meishi/164688583/,4.5,473,12.0,凉城/江湾镇
悸动烧仙草（公园路店）,https://www.meituan.com/meishi/4215730/,4.2,139,17.0,朱泾镇
悸动烧仙草（彩云路店）,https://www.meituan.com/meishi/686017079/,3.9,124,0.0,滴水湖临港地区
悸动烧仙草（上海马戏城店）,https://www.meituan.com/meishi/1697409042/,4.3,75,16.0,大宁地区
悸动烧仙草（浦航路店）,https://www.meituan.com/meishi/1721403858/,3.8,37,16.0,浦江镇
1点点（新达汇三林店）,https://www.meituan.com/meishi/189365669/,3.8,0,20.0,世博园
茶与花间（宝山万达店）,https://www.meituan.com/meishi/163065456/,4.4,70,19.0,庙行/共康
CoCo都可（水产西店）,https://www.meituan.com/meishi/40833043/,4.2,340,13.0,顾村公园
1点点（环球港店）,https://www.meituan.com/meishi/189390592/,4.2,0,20.0,月星环球港
1点点（年家浜路店）,https://www.meituan.com/meishi/92891783/,4.1,0,16.0,康桥/周浦
CoCo都可（电台店）,https://www.meituan.com/meishi/77557352/,4.2,315,11.0,顾村公园
CoCo都可（临平店）,https://www.meituan.com/meishi/41504577/,4.0,268,13.0,临平路/和平公园
厝内小眷村（徐汇光启城店）,https://www.meituan.com/meishi/166653706/,4.3,42,25.0,光启城
1点点（桃源店）,https://www.meituan.com/meishi/1560158218/,4.1,0,18.0,佘山
7分甜（上海浦东浦东夏碧店）,https://www.meituan.com/meishi/194673893/,4.7,125,20.0,外高桥
悸动烧仙草（高东新路店）,https://www.meituan.com/meishi/194426916/,3.9,70,16.0,高东/杨园
1点点（奉贤大润发店）,https://www.meituan.com/meishi/1393154590/,3.7,0,19.0,南桥
CoCo都可（奉贤金叶店）,https://www.meituan.com/meishi/107456499/,3.9,482,13.0,南桥
CoCo都可（金山石化百货店）,https://www.meituan.com/meishi/192561850/,4.6,356,13.0,石化
CoCo都可（曲阳家乐福店）,https://www.meituan.com/meishi/5647812/,4.1,497,11.0,曲阳地区
1点点（正大缤纷城店）,https://www.meituan.com/meishi/153928981/,4.2,0,17.0,顾村公园
CoCo都可（灵岩南店）,https://www.meituan.com/meishi/4794910/,4.2,398,11.0,三林地区
CoCo都可（和炯店）,https://www.meituan.com/meishi/164489011/,4.3,364,12.0,浦江镇
茉沏（南翔印象城MEGA店）,https://www.meituan.com/meishi/1745003323/,4.0,61,17.0,南翔
桂源铺（复地活力城店）,https://www.meituan.com/meishi/1980427684/,4.5,116,20.0,御桥
CoCo都可（唐人幸福里店）,https://www.meituan.com/meishi/169752038/,4.5,391,12.0,北蔡
CoCo都可（闻喜3店）,https://www.meituan.com/meishi/42514183/,4.3,464,12.0,彭浦新村
7分甜（上海青浦吾悦店）,https://www.meituan.com/meishi/194392954/,4.5,345,16.0,青浦城区
HEY JUICE茶桔便（卫零路店）,https://www.meituan.com/meishi/153405250/,4.1,66,15.0,金山卫
CoCo都可（大场嘉年华店）,https://www.meituan.com/meishi/193286615/,4.3,236,13.0,上海大学
7分甜（浦东川沙路店）,https://www.meituan.com/meishi/1169682320/,4.3,261,19.0,川沙
1点点（田林店）,https://www.meituan.com/meishi/5852500/,4.4,0,16.0,漕河泾/田林
CoCo都可（莘庄龙之梦店）,https://www.meituan.com/meishi/1595000/,4.3,503,13.0,莘庄
CoCo都可（广西北路店）,https://www.meituan.com/meishi/413054/,3.8,239,12.0,人民广场/南京路
快乐柠檬happylemon（南门店）,https://www.meituan.com/meishi/5949468/,4.3,752,13.0,南门
CoCo都可（金山万达二店）,https://www.meituan.com/meishi/150555549/,4.1,933,12.0,金山卫
CoCo都可（金沙店）,https://www.meituan.com/meishi/1601177/,4.0,140,13.0,嘉定镇
HEY JUICE茶桔便（松江万达店）,https://www.meituan.com/meishi/1622016587/,4.1,44,13.0,松江万达广场
桂源铺（马桥万达店）,https://www.meituan.com/meishi/1100555699/,4.6,118,20.0,闵行开发区
悸动烧仙草（恒顺路店）,https://www.meituan.com/meishi/187231504/,4.4,142,15.0,朱行镇
1点点（青浦绿地缤纷城店）,https://www.meituan.com/meishi/1587754006/,4.0,0,21.0,青浦城区
CoCo都可（虹梅店）,https://www.meituan.com/meishi/6281849/,4.2,218,13.0,虹梅路
悸动烧仙草（浦银路店）,https://www.meituan.com/meishi/1647333927/,4.0,128,15.0,金山区
快乐柠檬HAPPYLEMON（上海蓝湾天地店）,https://www.meituan.com/meishi/1445996165/,4.0,97,20.0,奉贤区
CoCo都可（博山东二店）,https://www.meituan.com/meishi/1175003646/,4.6,83,13.0,金杨地区
7分甜（上海浦东龙阳广场店）,https://www.meituan.com/meishi/662177250/,4.3,315,20.0,世纪公园/科技馆
7分甜（上海浦东证大大拇指店）,https://www.meituan.com/meishi/666588276/,4.4,96,20.0,联洋
厝内小眷村（青浦吾悦金街店）,https://www.meituan.com/meishi/160036178/,4.4,233,28.0,青浦城区
CoCo都可（康桥大润发店）,https://www.meituan.com/meishi/150394612/,4.5,323,11.0,康桥/周浦
CoCo都可（仓场店）,https://www.meituan.com/meishi/5630588/,4.4,526,12.0,嘉定镇
CoCo都可（五莲店）,https://www.meituan.com/meishi/112778389/,4.3,469,10.0,金桥
厝内小眷村（嘉定安亭地铁店）,https://www.meituan.com/meishi/171604237/,4.1,14,28.0,安亭镇
悸动烧仙草（高宝路店）,https://www.meituan.com/meishi/1823719684/,4.4,29,17.0,高行
1点点（平高广场店）,https://www.meituan.com/meishi/193845202/,4.1,0,15.0,松江镇
CoCo都可（奥特莱斯店）,https://www.meituan.com/meishi/6312202/,4.1,430,12.0,赵巷镇
KOI Thé（徐汇正大乐城店）,https://www.meituan.com/meishi/188606667/,4.2,63,23.0,龙华/西岸
CoCo都可（州桥老街店）,https://www.meituan.com/meishi/452632/,4.2,318,13.0,嘉定镇
1点点（秀沿店）,https://www.meituan.com/meishi/182078339/,3.9,0,16.0,康桥/周浦
7分甜（上海松江九亭站店）,https://www.meituan.com/meishi/591125425/,4.6,221,20.0,九亭
快乐柠檬（夏栎路店）,https://www.meituan.com/meishi/1259431242/,3.7,25,20.0,南汇新城
7分甜（正大乐城店）,https://www.meituan.com/meishi/1751842559/,4.8,204,18.0,顾村公园
CoCo都可（真北乐购店）,https://www.meituan.com/meishi/40665559/,4.0,425,12.0,真如
1点点（松江大学城店）,https://www.meituan.com/meishi/156220537/,3.8,0,17.0,松江大学城
悸动烧仙草（施宏店）,https://www.meituan.com/meishi/1823694155/,3.8,43,15.0,浦东机场/机场镇
CoCo都可（国权店）,https://www.meituan.com/meishi/797400213/,4.3,49,13.0,五角场/大学区
CoCo都可（张江传奇店）,https://www.meituan.com/meishi/1593712/,4.2,203,12.0,张江
桂源铺（长风大悦城店）,https://www.meituan.com/meishi/162676546/,4.5,418,16.0,长风公园/华师大
CoCo都可（梅川店）,https://www.meituan.com/meishi/157372960/,4.5,319,9.0,梅川路步行街
悸动烧仙草（泗泾镇店）,https://www.meituan.com/meishi/194544839/,3.9,125,15.0,泗泾镇
1点点（新镇路店）,https://www.meituan.com/meishi/182488578/,4.3,0,15.0,新桥
1点点（瞿溪路店）,https://www.meituan.com/meishi/99747481/,4.4,0,15.0,打浦桥/田子坊
CoCo都可（地铁虹桥店）,https://www.meituan.com/meishi/165641697/,4.1,309,10.0,虹桥路
7分甜（嘉定日月光店）,https://www.meituan.com/meishi/193854490/,4.7,195,20.0,嘉定镇
1点点（大华乐坊店）,https://www.meituan.com/meishi/90303244/,4.1,0,18.0,大华地区
悸动烧仙草（秀沿路店）,https://www.meituan.com/meishi/1774983846/,3.9,167,15.0,康桥/周浦
7分甜（上海南翔中冶祥腾店）,https://www.meituan.com/meishi/1064801975/,4.6,171,20.0,南翔
茉沏（文峰广场店）,https://www.meituan.com/meishi/1251600336/,4.1,23,18.0,金桥
Jidong悸动烧仙草（永德路店）,https://www.meituan.com/meishi/82596137/,4.5,167,14.0,吴泾镇
悸动烧仙草（浦三路店）,https://www.meituan.com/meishi/1001391532/,4.3,121,15.0,临沂/南码头
茉沏（文峰广场店）,https://www.meituan.com/meishi/1251600336/,4.1,23,18.0,金桥
Jidong悸动烧仙草（永德路店）,https://www.meituan.com/meishi/82596137/,4.5,167,14.0,吴泾镇
悸动烧仙草（浦三路店）,https://www.meituan.com/meishi/1001391532/,4.3,121,15.0,临沂/南码头
7分甜（上海浦东晨阳路店）,https://www.meituan.com/meishi/1036695042/,4.9,129,21.0,浦东机场/机场镇
CoCo都可（临港碧云店）,https://www.meituan.com/meishi/1620622564/,4.2,5,13.0,南汇新城
CoCo都可（绿苑店）,https://www.meituan.com/meishi/41128670/,4.5,426,12.0,安亭黄渡镇
CoCo都可（祝桥百熙店）,https://www.meituan.com/meishi/152559929/,4.5,650,11.0,祝桥
CoCo都可（中原欧尚店）,https://www.meituan.com/meishi/40124882/,4.1,479,11.0,中原地区
桂源铺（长江国际店）,https://www.meituan.com/meishi/164086984/,4.6,462,15.0,高境
1点点（连城广场店）,https://www.meituan.com/meishi/1315683572/,4.2,0,0.0,西渡镇
1点点（金沙和美广场店）,https://www.meituan.com/meishi/188783915/,4.1,0,17.0,丰庄
CoCo都可（延长中路店）,https://www.meituan.com/meishi/494727/,3.8,416,13.0,大宁地区
1点点（威宁店）,https://www.meituan.com/meishi/41522531/,4.0,0,16.0,天山
1点点（台儿庄店）,https://www.meituan.com/meishi/160170748/,4.1,0,16.0,金桥
1点点（江川北店）,https://www.meituan.com/meishi/580945705/,4.3,0,0.0,泗泾镇
悸动烧仙草（育秀路店）,https://www.meituan.com/meishi/907809251/,4.6,38,17.0,南桥
蜜雪冰城（牡丹江路店）,https://www.meituan.com/meishi/1962681790/,4.2,80,7.0,宝山城区/吴淞
悸动烧仙草（科创云廊店）,https://www.meituan.com/meishi/1981062781/,3.8,62,17.0,新桥
CoCo都可（康建广场店）,https://www.meituan.com/meishi/1954311991/,4.3,103,13.0,桃浦
桂源铺（嘉定州桥店）,https://www.meituan.com/meishi/52362832/,4.5,874,16.0,博乐广场/州桥老街
1点点（豫园人民店）,https://www.meituan.com/meishi/1147749921/,3.5,0,14.0,城隍庙/豫园
蜜雪冰城（三期店）,https://www.meituan.com/meishi/162348488/,4.3,531,5.0,松江大学城
7分甜（上海美罗城店）,https://www.meituan.com/meishi/1769209147/,4.1,362,17.0,徐家汇
1点点（凌云沃尔玛店）,https://www.meituan.com/meishi/165668183/,4.3,0,17.0,上海南站
CoCo都可（澄浏百联店）,https://www.meituan.com/meishi/637591539/,3.9,238,13.0,嘉定镇
7分甜（上海普陀星光耀店）,https://www.meituan.com/meishi/189259595/,4.3,106,21.0,真如
椿风·养身茶饮（K11店）,https://www.meituan.com/meishi/1272968025/,4.4,22,21.0,淮海路
1点点（浦江万达店）,https://www.meituan.com/meishi/525155030/,4.1,0,16.0,浦江镇
1点点（绿苑店）,https://www.meituan.com/meishi/1822903955/,4.0,0,16.0,安亭黄渡镇
1点点（虹井店）,https://www.meituan.com/meishi/4925908/,4.0,0,16.0,龙柏地区
1点点（天钥桥店）,https://www.meituan.com/meishi/90743824/,4.2,0,17.0,万体馆
桂源铺（五角场合生汇店）,https://www.meituan.com/meishi/1980455999/,4.5,164,20.0,五角场/大学区
1点点（万嘉店）,https://www.meituan.com/meishi/1843596839/,3.6,0,14.0,高行
CoCo都可（文峰广场店）,https://www.meituan.com/meishi/487618/,4.1,560,13.0,金桥
悸动烧仙草（古莲路店）,https://www.meituan.com/meishi/956573451/,4.2,145,15.0,宝山区
7分甜（上海虹桥南丰城店）,https://www.meituan.com/meishi/1225487396/,4.8,164,20.0,虹桥/古北
7分甜（上海闵行弘基时尚店）,https://www.meituan.com/meishi/1332344729/,4.6,185,16.0,吴泾镇
CoCo都可（证大大拇指店）,https://www.meituan.com/meishi/150017449/,4.5,322,10.0,联洋
悸动烧仙草（板桥西路店）,https://www.meituan.com/meishi/1759793330/,4.3,147,15.0,金山卫
CoCo都可（明中广场店）,https://www.meituan.com/meishi/181490440/,3.8,474,10.0,新桥
悸动烧仙草（宝龙广场店）,https://www.meituan.com/meishi/111683265/,4.3,351,11.0,嘉定新城
悸动烧仙草（森兰花园城店）,https://www.meituan.com/meishi/792832842/,4.3,151,15.0,高行
快乐柠檬（武宁路直营店）,https://www.meituan.com/meishi/886831445/,4.4,34,20.0,武宁地区
茶百道（新村路店）,https://www.meituan.com/meishi/1940200467/,4.5,18,16.0,中山北路/甘泉地区
1点点（七宝宝龙店）,https://www.meituan.com/meishi/107485453/,4.3,0,16.0,七宝
悸动烧仙草（大柏树店）,https://www.meituan.com/meishi/913556156/,3.8,14,17.0,大柏树
1点点（龙湖北城天街店）,https://www.meituan.com/meishi/165625503/,4.0,0,17.0,宝山区
快乐柠檬happylemon（上海陈家镇裕民路店）,https://www.meituan.com/meishi/127249140/,4.2,204,15.0,东滩/前哨农场
1点点（百脑汇店）,https://www.meituan.com/meishi/165872766/,4.2,0,15.0,徐家汇
悸动烧仙草（嘉定西地铁站店）,https://www.meituan.com/meishi/1530307257/,4.5,60,17.0,嘉定西/悠活城
CoCo都可（闵行欧尚店）,https://www.meituan.com/meishi/5449603/,4.2,624,13.0,老闵行/交大师大
1点点（寰悦广场店）,https://www.meituan.com/meishi/670388167/,3.6,0,0.0,老闵行/交大师大
CoCo都可（欧尚金都店）,https://www.meituan.com/meishi/81100682/,4.4,244,12.0,春申地区
1点点（嘉定宝龙店）,https://www.meituan.com/meishi/119776213/,3.9,0,17.0,嘉定新城
悸动烧仙草（360广场店）,https://www.meituan.com/meishi/566162935/,3.7,12,16.0,浦江镇
桂源铺（江东路店）,https://www.meituan.com/meishi/181436157/,4.1,333,18.0,外高桥
桂源铺（周浦万达广场店）,https://www.meituan.com/meishi/113112243/,4.5,273,20.0,康桥/周浦
1点点（福海店）,https://www.meituan.com/meishi/110812375/,4.3,0,16.0,嘉定镇
桂源铺（徐汇太平洋店）,https://www.meituan.com/meishi/1684644906/,4.5,338,15.0,徐家汇
悸动烧仙草（环镇北路店）,https://www.meituan.com/meishi/1549494630/,4.5,98,15.0,上海大学
CoCo都可（松江万达金街店）,https://www.meituan.com/meishi/161813117/,4.3,548,10.0,松江万达广场
快乐柠檬happylemon（徐汇日月光店）,https://www.meituan.com/meishi/164353624/,4.2,512,13.0,漕河泾/田林
CoCo都可（七浦店）,https://www.meituan.com/meishi/111156421/,4.0,340,13.0,海宁路/七浦路
1点点（徐汇日月光店）,https://www.meituan.com/meishi/164831253/,4.1,0,17.0,漕河泾/田林
1点点（徐汇日月光店）,https://www.meituan.com/meishi/164831253/,4.1,0,17.0,漕河泾/田林
桂源铺（西郊百联店）,https://www.meituan.com/meishi/960668339/,4.4,348,20.0,北新泾/淞虹路
桂源铺（嘉定马陆大融城店）,https://www.meituan.com/meishi/596779662/,4.8,154,20.0,马陆镇
7分甜（上海闵行中庚漫游城店）,https://www.meituan.com/meishi/916207784/,4.3,372,16.0,莲花路/南方商城
7分甜（虹桥天地店）,https://www.meituan.com/meishi/665598721/,4.4,269,20.0,虹桥火车站/机场
悸动烧仙草（恒生万鹂店）,https://www.meituan.com/meishi/193725796/,4.2,25,16.0,唐镇
7分甜（真北家乐福店）,https://www.meituan.com/meishi/641295895/,4.8,182,17.0,真如
7分甜（上海杨浦控江旭辉店）,https://www.meituan.com/meishi/729943711/,4.4,237,18.0,控江地区
1点点（合生汇店）,https://www.meituan.com/meishi/150361907/,4.3,0,16.0,五角场/大学区
CoCo都可（淞滨店）,https://www.meituan.com/meishi/158846389/,4.3,410,12.0,淞滨地区
巡茶（周浦万达店）,https://www.meituan.com/meishi/1007421776/,4.5,120,19.0,康桥/周浦
7分甜（上海徐汇中星城店）,https://www.meituan.com/meishi/1896825671/,4.6,84,21.0,上海南站
CoCo都可（大润发杨浦店）,https://www.meituan.com/meishi/474753/,4.3,325,13.0,黄兴公园
7分甜（上海七宝宝龙店）,https://www.meituan.com/meishi/1671643400/,4.5,99,20.0,七宝
CoCo都可（颛桥万达店）,https://www.meituan.com/meishi/165645656/,4.2,703,12.0,颛桥/北桥
悸动烧仙草（丰庄路店）,https://www.meituan.com/meishi/1295707862/,4.4,176,15.0,丰庄
悸动烧仙草（东闸路店）（东闸路店）,https://www.meituan.com/meishi/1409513199/,4.7,85,15.0,莘庄
CoCo都可（宝山花园城店）,https://www.meituan.com/meishi/986525333/,4.3,136,13.0,杨行镇
1点点（西郊百联店）,https://www.meituan.com/meishi/95469945/,4.0,0,17.0,北新泾/淞虹路
1点点（凤中店）,https://www.meituan.com/meishi/1413217453/,4.0,0,0.0,凤溪
桂源铺（湟普汇店）,https://www.meituan.com/meishi/165538551/,4.4,496,16.0,南京西路
和气桃桃（漕河泾城市集市店）,https://www.meituan.com/meishi/1701047850/,4.4,41,17.0,虹梅路
桂源铺（新邻站店）,https://www.meituan.com/meishi/80902396/,4.4,506,11.0,老西门/陆家浜路
1点点（工农南店）,https://www.meituan.com/meishi/182094682/,4.4,0,15.0,惠南镇
巡茶（嘉定嘉亭荟店）,https://www.meituan.com/meishi/1412392621/,3.9,210,18.0,安亭镇
CoCo都可（徐家汇汇金店）,https://www.meituan.com/meishi/158930671/,4.0,520,12.0,徐家汇
1点点（虞姬墩路店）,https://www.meituan.com/meishi/1850688804/,4.1,0,14.0,江桥
7分甜（上海青浦宝龙店）,https://www.meituan.com/meishi/1946410109/,4.4,215,18.0,青浦城区
注春人文茶饮（百联曲阳店）,https://www.meituan.com/meishi/570940104/,4.4,54,15.0,曲阳地区
桂源铺（啦啦宝都店）,https://www.meituan.com/meishi/522136396/,4.6,94,20.0,金桥
桂源铺（松江平高店）,https://www.meituan.com/meishi/152330761/,4.4,643,15.0,松江镇
悸动烧仙草（菊太路店）,https://www.meituan.com/meishi/1131826358/,4.1,23,16.0,顾村公园
CoCo都可（莲花广场店）,https://www.meituan.com/meishi/1595816/,3.8,441,12.0,莲花路/南方商城
CoCo都可（徐泾家乐福店）,https://www.meituan.com/meishi/152692778/,4.1,240,13.0,徐泾
CoCo都可（品尊国际店）,https://www.meituan.com/meishi/1960502735/,4.5,17,13.0,中山北路/甘泉地区
7分甜（7分甜上海江桥万达店）,https://www.meituan.com/meishi/193615315/,4.5,266,21.0,江桥万达广场
CoCo都可（汇融天地店）,https://www.meituan.com/meishi/52431208/,4.2,484,12.0,武宁地区
CoCo都可（通河二店）,https://www.meituan.com/meishi/96301496/,4.3,391,13.0,庙行/共康
悸动烧仙草（静安淮安路店）,https://www.meituan.com/meishi/1308565023/,4.1,105,15.0,同乐坊/江宁路
桂源铺（嘉亭荟店）,https://www.meituan.com/meishi/1812913882/,4.5,456,18.0,安亭镇
CoCo都可（奉贤金汇店）,https://www.meituan.com/meishi/98130692/,4.4,376,13.0,金汇镇
CoCo都可（亚乐城店）,https://www.meituan.com/meishi/110844867/,4.3,436,12.0,新桥
1点点（新颛兴店）,https://www.meituan.com/meishi/819937495/,4.4,0,15.0,颛桥/北桥
7分甜（上海徐汇漕河泾印象城店）,https://www.meituan.com/meishi/1092544477/,4.5,99,20.0,漕河泾/田林
1点点（龙阳广场店）,https://www.meituan.com/meishi/157272367/,4.1,0,16.0,世纪公园/科技馆
椿风·养身茶饮（五角场万达店）,https://www.meituan.com/meishi/1725240620/,4.3,18,20.0,五角场/大学区
7分甜（上海金山万达金街店）,https://www.meituan.com/meishi/527890915/,4.4,322,18.0,金山卫
CoCo都可（雪松二店）,https://www.meituan.com/meishi/164485644/,4.5,267,11.0,桃浦
CoCo都可（龙湖二店）,https://www.meituan.com/meishi/164330698/,4.3,622,13.0,顾村公园
桂源铺（近铁广场店）,https://www.meituan.com/meishi/133283753/,4.4,451,15.0,真北中环
悸动烧仙草（大融城店）,https://www.meituan.com/meishi/1901107854/,3.7,130,15.0,马陆镇
1点点（五彩城店）,https://www.meituan.com/meishi/163189752/,4.0,0,16.0,南翔
CoCo都可（汉口店）,https://www.meituan.com/meishi/50062333/,3.9,759,12.0,人民广场/南京路
1点点（寺平北店）,https://www.meituan.com/meishi/1535107846/,4.1,0,14.0,亭林镇
7分甜（上海宝山大华美隆店）,https://www.meituan.com/meishi/1280403102/,4.8,100,20.0,大华地区
悸动烧仙草（松江松东路店）,https://www.meituan.com/meishi/972794817/,3.9,153,15.0,松江镇
桂源铺（星游城店）,https://www.meituan.com/meishi/189275008/,4.6,541,15.0,万体馆
1点点（佘山宝乐汇店）,https://www.meituan.com/meishi/1108418584/,4.1,0,17.0,佘山
茶百道（小世界社区商业中心店）,https://www.meituan.com/meishi/1994773760/,4.5,35,15.0,黄兴公园
CoCo都可（水城店）,https://www.meituan.com/meishi/161861551/,4.4,214,13.0,天山
7分甜（上海黄浦复兴荟店）,https://www.meituan.com/meishi/1478733180/,4.6,46,20.0,老西门/陆家浜路
桂源铺（五角场万达广场店）,https://www.meituan.com/meishi/1984555855/,4.5,203,16.0,五角场/大学区
1点点（晨阳店）,https://www.meituan.com/meishi/186706887/,4.3,0,17.0,浦东机场/机场镇
小确茶（城中东路店）,https://www.meituan.com/meishi/165741355/,4.2,155,15.0,青浦城区
悸动烧仙草（浦东康佳路店）,https://www.meituan.com/meishi/1202857082/,4.8,63,15.0,康桥/周浦
CoCo都可（环镇北店）,https://www.meituan.com/meishi/4675218/,4.2,310,13.0,上海大学
CoCo都可（延吉中路店）,https://www.meituan.com/meishi/1588771/,4.2,271,10.0,控江地区
桂源铺（尚悦湾广场店）,https://www.meituan.com/meishi/1582455946/,4.4,222,20.0,陆家嘴
CoCo都可（佘山地铁店）,https://www.meituan.com/meishi/160754658/,4.3,450,13.0,佘山
CoCo都可（青村振兴店）,https://www.meituan.com/meishi/562156832/,4.2,0,13.0,奉贤区
丸摩堂鲜果茶（万鹂广场店）,https://www.meituan.com/meishi/1828411211/,4.6,8,15.0,张江
世界茶饮WORLD TEA HOUSE（龙阳路店）,https://www.meituan.com/meishi/97796154/,4.3,1343,16.0,世纪公园/科技馆
CoCo都可（真大店）,https://www.meituan.com/meishi/163171850/,4.2,205,13.0,宝山区
1点点（北上海生活广场店）,https://www.meituan.com/meishi/193327331/,4.2,0,18.0,杨行镇
7分甜（上海南京东路泰康食品店）,https://www.meituan.com/meishi/1144350444/,4.5,230,18.0,南京东路
桂源铺（金山百联店）,https://www.meituan.com/meishi/91695286/,4.5,1191,17.0,卫清路
厝内小眷村 （金汇广场店）,https://www.meituan.com/meishi/1728086167/,4.4,4,28.0,川沙
注春人文茶饮（新天地旗舰店）,https://www.meituan.com/meishi/182515868/,4.3,33,15.0,淮海路
CoCo都可（陆家浜店）,https://www.meituan.com/meishi/40540523/,4.2,400,12.0,董家渡/南浦大桥
世界茶饮（新天地店）,https://www.meituan.com/meishi/179444016/,4.2,5,16.0,松江镇
桂源铺（宝山万达广场店）,https://www.meituan.com/meishi/85799840/,4.5,574,15.0,通河/泗塘
CoCo都可（嘉峪店）,https://www.meituan.com/meishi/194273089/,4.1,286,10.0,江桥
1点点（亚乐城店）,https://www.meituan.com/meishi/188656820/,3.9,0,15.0,新桥
CoCo都可（昌里二店）,https://www.meituan.com/meishi/1586866/,4.1,539,12.0,上南地区
CoCo都可（延长路店）,https://www.meituan.com/meishi/90162363/,3.9,162,13.0,大宁地区
悸动烧仙草（灵岩南路店）,https://www.meituan.com/meishi/194040256/,4.3,130,15.0,三林地区
桂源铺（中海环宇荟店）,https://www.meituan.com/meishi/177942877/,4.4,488,15.0,新天地/马当路
CoCo都可（九亭店）,https://www.meituan.com/meishi/40422241/,4.3,364,12.0,九亭
悸动烧仙草（孙桥路店）,https://www.meituan.com/meishi/796290844/,4.5,25,17.0,迪士尼
椿风·养身茶饮（长风大悦城店）,https://www.meituan.com/meishi/883673761/,4.3,6,19.0,长风公园/华师大
7分甜（上海七宝凯德店）,https://www.meituan.com/meishi/918607235/,4.5,183,20.0,七宝
茶百道（仙霞西路店）,https://www.meituan.com/meishi/1578946277/,4.5,13,16.0,虹桥火车站/机场
快乐柠檬happylemon（中华路店）,https://www.meituan.com/meishi/540731475/,4.1,201,19.0,老西门/陆家浜路
1点点（中山广场店）,https://www.meituan.com/meishi/6880027/,4.0,0,15.0,虹桥/古北
7分甜（上海长宁高岛屋店）,https://www.meituan.com/meishi/1191071844/,4.8,93,18.0,虹桥/古北
1点点（福州路店）,https://www.meituan.com/meishi/1055538531/,3.9,0,21.0,人民广场/南京路
CoCo都可（五角场大学路店）,https://www.meituan.com/meishi/1563447464/,4.4,219,12.0,五角场/大学区
CoCo都可（大宁国际店）,https://www.meituan.com/meishi/171489626/,4.3,343,11.0,大宁地区
茶百道（万航渡路店）,https://www.meituan.com/meishi/683907797/,4.5,7,15.0,曹家渡
CoCo都可（闸北大润发店）,https://www.meituan.com/meishi/487154/,4.1,293,13.0,市北工业园/汶水路
茶百道（飞洲国际店）,https://www.meituan.com/meishi/1850625065/,4.5,35,15.0,万体馆
1点点（夏碧店）,https://www.meituan.com/meishi/94738759/,3.9,0,15.0,外高桥
CoCo都可（东安二店）,https://www.meituan.com/meishi/41161187/,4.2,281,13.0,龙华/西岸
快乐柠檬happylemon（日月光店）,https://www.meituan.com/meishi/483039/,4.1,560,13.0,打浦桥/田子坊
悸动烧仙草（上海火车站店）,https://www.meituan.com/meishi/730280514/,3.7,102,16.0,上海火车站/客运汽车总站
CoCo都可（灵山路店）,https://www.meituan.com/meishi/501969041/,4.3,40,13.0,金杨地区
CoCo都可（中潭店）,https://www.meituan.com/meishi/152821631/,4.0,381,12.0,中山北路/甘泉地区
7分甜（上海闵行马桥万达店）,https://www.meituan.com/meishi/500166294/,4.9,523,19.0,闵行开发区
CoCo都可（东安店）,https://www.meituan.com/meishi/160137835/,4.2,319,13.0,肇嘉浜路/中山医院
悸动烧仙草（龙镇路店）,https://www.meituan.com/meishi/1076324346/,4.2,41,16.0,月浦镇
1点点（育秀店）,https://www.meituan.com/meishi/184173526/,4.2,0,15.0,南桥
悸动烧仙草（益江路店）,https://www.meituan.com/meishi/169832657/,3.9,190,16.0,张江
1点点（蓝村店）,https://www.meituan.com/meishi/41576915/,4.2,0,16.0,塘桥
桂源铺（柳州路店）,https://www.meituan.com/meishi/161504576/,4.5,294,20.0,漕河泾/田林
悸动烧仙草（申北路店）,https://www.meituan.com/meishi/800418999/,4.1,161,15.0,莘庄
7分甜（上海黄浦歌斐中心店）,https://www.meituan.com/meishi/1506118565/,4.3,73,21.0,西藏南路/世博会馆
1点点（川沙路店）,https://www.meituan.com/meishi/70004900/,4.0,0,15.0,川沙
蜜雪冰城（松江泗泾店）,https://www.meituan.com/meishi/807237057/,3.9,815,8.0,泗泾镇
悸动烧仙草（吴泾宝龙店）,https://www.meituan.com/meishi/1952179489/,4.3,83,16.0,老闵行/交大师大
桂源铺（禹洲商业广场店）,https://www.meituan.com/meishi/95841300/,4.3,561,15.0,惠南镇
桂源铺（龙阳广场店）,https://www.meituan.com/meishi/102045616/,4.2,436,15.0,世纪公园/科技馆
CoCo都可（红林店）,https://www.meituan.com/meishi/169683506/,4.1,427,12.0,杨行镇
桂源铺（金桥国际店）,https://www.meituan.com/meishi/946553604/,4.3,341,16.0,金桥
悸动烧仙草（浦红西路店）,https://www.meituan.com/meishi/194684684/,3.8,19,16.0,惠南镇
CoCo都可（杨浦殷行店）,https://www.meituan.com/meishi/1595644/,4.3,360,12.0,中原地区
快乐柠檬happylemon（松江文汇2店）,https://www.meituan.com/meishi/52874454/,4.5,90,19.0,松江大学城
HEY JUICE 茶桔便（人民南路店）,https://www.meituan.com/meishi/157238565/,4.0,114,15.0,南桥
1点点（塘西店）,https://www.meituan.com/meishi/95561776/,3.9,0,16.0,美兰湖
TPLUS茶家（缤谷广场店）,https://www.meituan.com/meishi/1244813077/,4.0,9,19.0,天山
桂源铺（中庚漫游城店）,https://www.meituan.com/meishi/184027831/,4.5,613,15.0,莲花路/南方商城
悸动烧仙草（振兴路二店）,https://www.meituan.com/meishi/820773467/,4.3,35,17.0,车墩影视城
茶百道（城隍庙店）,https://www.meituan.com/meishi/980682383/,4.7,54,16.0,外滩
7分甜（上海浦东融创精彩天地店）,https://www.meituan.com/meishi/1288968360/,4.6,175,20.0,金桥
CoCo都可（鞍山路店）,https://www.meituan.com/meishi/430788/,4.1,230,13.0,鞍山新村
厝内小眷村（嘉定江桥万达店）,https://www.meituan.com/meishi/164699706/,4.3,13,27.0,江桥
1点点（闻喜店）,https://www.meituan.com/meishi/100110441/,4.1,0,19.0,彭浦新村
7分甜（德都路店）,https://www.meituan.com/meishi/1367963975/,4.7,139,20.0,月浦镇
1点点（荣乐西路店）,https://www.meituan.com/meishi/108200561/,4.1,0,17.0,新理想广场
1点点（通跃店）,https://www.meituan.com/meishi/191157412/,4.1,0,16.0,松江镇
CoCo都可（新邻生活广场店）,https://www.meituan.com/meishi/91514682/,3.9,544,11.0,老西门/陆家浜路
1点点（中江店）,https://www.meituan.com/meishi/169329312/,3.9,0,16.0,长风公园/华师大
1点点（石门店）,https://www.meituan.com/meishi/5744889/,4.2,0,16.0,南京西路
CoCo都可（绿地正大二店）,https://www.meituan.com/meishi/93538063/,4.3,577,12.0,顾村公园
桂源铺（月浦吉买盛店）,https://www.meituan.com/meishi/182490531/,4.6,347,12.0,月浦镇
7分甜（上海环贸iapm店）,https://www.meituan.com/meishi/1013748476/,4.5,183,20.0,淮海路
CoCo都可（崇明电影院店）,https://www.meituan.com/meishi/108481211/,4.4,401,11.0,南门
1点点（天等店）,https://www.meituan.com/meishi/179627502/,4.4,0,18.0,上海南站
桂源铺（川沙家乐福店）,https://www.meituan.com/meishi/165847475/,4.3,507,17.0,川沙
CoCo都可（平顺店）,https://www.meituan.com/meishi/40386685/,3.8,427,11.0,彭浦新村
1点点（定西店）,https://www.meituan.com/meishi/2731953/,4.2,0,15.0,中山公园/江苏路
1点点（莘朱店）,https://www.meituan.com/meishi/64019853/,4.2,0,16.0,莘庄
7分甜（上海浦东三钢里店）,https://www.meituan.com/meishi/1834204886/,4.2,283,20.0,上南地区
悸动烧仙草（新港路店）,https://www.meituan.com/meishi/194641346/,4.3,64,15.0,松江区
1点点（青浦富绅中心店）,https://www.meituan.com/meishi/117477639/,3.9,0,16.0,家乐福/富绅国际
7分甜（上海浦东临港宝龙店）,https://www.meituan.com/meishi/1623122274/,4.7,369,20.0,滴水湖临港地区
桂源铺（宝山花园城店）,https://www.meituan.com/meishi/1671208424/,4.3,103,20.0,杨行镇
1点点（古方路店）,https://www.meituan.com/meishi/70546760/,4.1,0,15.0,莲花路/南方商城
CoCo都可（罗秀店）,https://www.meituan.com/meishi/5696704/,3.9,361,13.0,上海南站
1点点（莘庄龙之梦店）,https://www.meituan.com/meishi/160101438/,4.1,0,19.0,莘庄
桂源铺（闻喜路店）,https://www.meituan.com/meishi/160288140/,4.6,667,16.0,彭浦新村
7分甜（复地活力城店）,https://www.meituan.com/meishi/1447731206/,4.3,356,19.0,御桥
1点点（金山百联店）,https://www.meituan.com/meishi/195000207/,3.6,0,19.0,金山卫
1点点（新会店）,https://www.meituan.com/meishi/1582319/,4.0,0,15.0,长寿路
CoCo都可（东兰店）,https://www.meituan.com/meishi/110328368/,4.2,296,12.0,万源城/东兰路
快乐柠檬happylemon（新E街店）,https://www.meituan.com/meishi/157036145/,3.8,32,20.0,嘉定镇
7分甜（上海浦江生活广场店）,https://www.meituan.com/meishi/1046643824/,4.5,289,19.0,浦江镇
悸动烧仙草（龙茗路店）,https://www.meituan.com/meishi/1081067093/,4.2,17,17.0,万源城/东兰路
OT另茶（上海万象城店）,https://www.meituan.com/meishi/911929892/,4.1,15,25.0,虹桥镇
1点点（肇嘉浜路店）,https://www.meituan.com/meishi/50322096/,3.8,0,15.0,肇嘉浜路/中山医院
7分甜（上海桃浦新邻天地店）,https://www.meituan.com/meishi/1141147800/,4.5,177,19.0,桃浦
桂源铺（崇明堡镇店）,https://www.meituan.com/meishi/98017567/,4.2,1149,19.0,堡镇
1点点（新鞍山路店）,https://www.meituan.com/meishi/1040245076/,4.6,0,17.0,控江地区
桂源铺（场中路店）,https://www.meituan.com/meishi/182358919/,4.6,301,15.0,上海大学
悸动烧仙草（芳华路店）,https://www.meituan.com/meishi/894248929/,3.9,84,15.0,北蔡
7分甜（上海浦东唐镇阳光天地店）,https://www.meituan.com/meishi/1361969369/,4.6,273,17.0,唐镇
CoCo都可（灵石店）,https://www.meituan.com/meishi/160473998/,4.4,221,13.0,大宁地区
和气桃桃（闵行龙湖天街店）,https://www.meituan.com/meishi/1205328033/,4.0,24,17.0,老闵行/交大师大
桂源铺（大华巴黎春天店）,https://www.meituan.com/meishi/111875700/,4.6,408,20.0,大华地区
悸动烧仙草（塘浚路店）,https://www.meituan.com/meishi/885791948/,3.9,22,16.0,佘山
1点点（七宝乐购店）,https://www.meituan.com/meishi/165287611/,4.1,0,17.0,七宝
桂源铺（曹路宝龙家乐福店）,https://www.meituan.com/meishi/177754015/,4.2,574,17.0,曹路
和气桃桃（百盛优客店）,https://www.meituan.com/meishi/756794321/,4.1,36,18.0,天山
悸动烧仙草（沪杭公路店）,https://www.meituan.com/meishi/193496118/,4.7,76,15.0,西渡镇
CoCo都可（国际时尚中心店）,https://www.meituan.com/meishi/118910415/,4.2,361,12.0,杨浦区
CoCo都可（罗芬店）,https://www.meituan.com/meishi/99582934/,4.1,357,13.0,美兰湖
快乐柠檬happylemon（川沙百联店）,https://www.meituan.com/meishi/157806068/,4.1,558,12.0,川沙
悸动烧仙草（茸梅路店）,https://www.meituan.com/meishi/924464533/,3.9,26,17.0,松江大学城
7分甜（上海长宁金虹桥店）,https://www.meituan.com/meishi/770091331/,4.6,160,20.0,天山
7分甜（金桥家乐福店）,https://www.meituan.com/meishi/1527675372/,4.9,76,21.0,碧云社区
悸动烧仙草（新绿路店）,https://www.meituan.com/meishi/1807850604/,4.3,99,15.0,松江区
1点点（高东园恒路店）,https://www.meituan.com/meishi/90939828/,4.1,0,15.0,高东/杨园
悸动烧仙草（迁虹路店）,https://www.meituan.com/meishi/183975441/,4.2,71,15.0,虹桥火车站/国展中心
悸动烧仙草（新绿路店）,https://www.meituan.com/meishi/1807850604/,4.3,99,15.0,松江区
1点点（高东园恒路店）,https://www.meituan.com/meishi/90939828/,4.1,0,15.0,高东/杨园
悸动烧仙草（迁虹路店）,https://www.meituan.com/meishi/183975441/,4.2,71,15.0,虹桥火车站/国展中心
快乐柠檬happylemon（川沙绿地东海岸店）,https://www.meituan.com/meishi/194273131/,4.5,214,19.0,川沙
快乐柠檬happylemon（成山巴黎春天店）,https://www.meituan.com/meishi/471962/,4.0,363,19.0,北蔡
1点点（水产西路店）,https://www.meituan.com/meishi/91432263/,3.8,0,17.0,顾村公园
和气桃桃（宝山万达店）,https://www.meituan.com/meishi/1741420572/,4.3,26,16.0,宝山万达广场
CoCo都可（朱泾万安店）,https://www.meituan.com/meishi/165631842/,4.3,756,10.0,朱泾镇
1点点（腾克店）,https://www.meituan.com/meishi/77769653/,4.2,0,15.0,曲阳地区
7分甜（浦东清溪路店）,https://www.meituan.com/meishi/1793777960/,4.8,245,20.0,外高桥
7分甜（上海松江三湘商业广场店）,https://www.meituan.com/meishi/787393675/,4.8,287,19.0,泗泾镇
7分甜（上海闵行莘朱路店）,https://www.meituan.com/meishi/195153416/,4.5,170,20.0,莘庄
1点点（中骏广场店）,https://www.meituan.com/meishi/190559076/,3.7,0,18.0,虹桥火车站/国展中心
茶百道（甜爱路店）,https://www.meituan.com/meishi/1369481147/,4.7,10,0.0,虹口足球场/鲁迅公园
CoCo都可（新世界店）,https://www.meituan.com/meishi/113587260/,4.1,568,14.0,人民广场/南京路
悸动烧仙草（浦东东波路店）,https://www.meituan.com/meishi/1640903185/,4.3,64,15.0,高行
1点点（曹路家乐福店）,https://www.meituan.com/meishi/152729859/,4.0,0,16.0,曹路
桂源铺（通河路店）,https://www.meituan.com/meishi/952893693/,4.7,183,19.0,通河/泗塘
1点点（京华路店）,https://www.meituan.com/meishi/1602022127/,4.1,0,19.0,徐泾
CoCo都可（松江文汇二店）,https://www.meituan.com/meishi/75374104/,4.1,226,12.0,松江大学城
1点点（白玉兰店）,https://www.meituan.com/meishi/190390796/,4.1,0,16.0,海宁路/七浦路
CoCo都可（航北店）,https://www.meituan.com/meishi/1596554/,4.2,278,13.0,七宝
1点点（川沙家乐福店）,https://www.meituan.com/meishi/113839048/,3.9,0,15.0,川沙
C忆茶室,https://www.meituan.com/meishi/122439435/,4.2,84,15.0,海湾旅游区
CoCo都可（国权北店）,https://www.meituan.com/meishi/160424907/,4.2,239,12.0,新江湾城
CoCo都可（中原城市广场店）,https://www.meituan.com/meishi/65910315/,4.3,410,11.0,中原地区
悸动烧仙草（新河店）,https://www.meituan.com/meishi/182364624/,4.1,102,15.0,崇明区
悸动烧仙草（浦东科苑路店）,https://www.meituan.com/meishi/1568051000/,4.6,106,15.0,张江
CoCo都可（智慧湾店）,https://www.meituan.com/meishi/180552240/,4.5,197,13.0,宝山区
桂源铺（凌云壹街坊店）,https://www.meituan.com/meishi/161837072/,4.3,366,18.0,上海南站
R&B珍奶（青村店）,https://www.meituan.com/meishi/1510045830/,4.5,16,13.0,奉贤区
1点点（亿丰时代广场店）,https://www.meituan.com/meishi/192907370/,4.1,0,17.0,三林地区
1点点（亿丰时代广场店）,https://www.meituan.com/meishi/192907370/,4.1,0,17.0,三林地区
CoCo都可（通河地铁店）,https://www.meituan.com/meishi/164488613/,4.3,279,13.0,庙行/共康
CoCo都可（中华新二店）,https://www.meituan.com/meishi/91704016/,4.2,153,13.0,上海火车站/客运汽车总站
贡茶（梅龙广场店）,https://www.meituan.com/meishi/1596543874/,3.8,33,14.0,南京西路
7分甜（上海长宁来福士店）,https://www.meituan.com/meishi/190409533/,4.4,303,20.0,中山公园/江苏路
老虎堂TIGER SUGAR（BFC外滩金融中心店）,https://www.meituan.com/meishi/1778842671/,4.1,14,28.0,外滩
悸动烧仙草（新源店）,https://www.meituan.com/meishi/754279830/,4.3,103,16.0,安亭新源路
7分甜（上海杨浦大润发店）,https://www.meituan.com/meishi/964877184/,4.3,191,21.0,五角场/大学区
桂源铺（万嘉商业广场一店）,https://www.meituan.com/meishi/162916963/,4.4,643,17.0,高行
茉沏（博荟广场店）,https://www.meituan.com/meishi/842203282/,4.2,1,16.0,西藏南路/世博会馆
桂源铺（环球港店）,https://www.meituan.com/meishi/70374539/,4.6,856,15.0,月星环球港
悸动烧仙草（水清路店）,https://www.meituan.com/meishi/988525451/,4.3,24,16.0,莘庄
7分甜（嘉定方锦路店）,https://www.meituan.com/meishi/778824270/,4.9,87,21.0,安亭镇
1点点（西藏南路店）,https://www.meituan.com/meishi/96993682/,4.1,0,16.0,老西门/陆家浜路
1点点（东方万国店）,https://www.meituan.com/meishi/194905691/,4.4,0,0.0,金桥
1点点（中环百联店）,https://www.meituan.com/meishi/4256511/,4.2,0,15.0,梅川路步行街
CoCo都可（纪信店）,https://www.meituan.com/meishi/189274217/,4.0,321,13.0,虹桥火车站/国展中心
厝内小眷村（黄浦新邻生活店）,https://www.meituan.com/meishi/158815159/,4.3,67,28.0,老西门/陆家浜路
CoCo都可（靖宇东路店）,https://www.meituan.com/meishi/94745738/,4.1,289,12.0,黄兴公园
7分甜（上海长宁KING88店）,https://www.meituan.com/meishi/964311641/,4.7,103,20.0,中山公园/江苏路
7分甜（上海浦东新大陆店）,https://www.meituan.com/meishi/1372448645/,4.7,136,21.0,陆家嘴
快乐柠檬happylemon（陕西北路巴黎春天店）,https://www.meituan.com/meishi/499315/,4.1,404,19.0,长寿路
悸动烧仙草（万辉国际广场店）,https://www.meituan.com/meishi/1452864698/,4.0,180,15.0,莲花路/南方商城
悸动烧仙草（腾冲路店）,https://www.meituan.com/meishi/1341116363/,3.9,24,17.0,莘庄
1点点（宝山花园城店）,https://www.meituan.com/meishi/1537229956/,3.5,0,16.0,杨行镇
悸动烧仙草（廊下店）,https://www.meituan.com/meishi/1123737114/,4.2,83,15.0,廊下
快乐柠檬happylemon（宝山家乐福店）,https://www.meituan.com/meishi/5556725/,4.2,173,19.0,通河/泗塘
CoCo都可（乍浦店）,https://www.meituan.com/meishi/100483032/,3.9,350,10.0,海宁路/七浦路
世界茶饮（理工店）,https://www.meituan.com/meishi/178046701/,3.8,1,16.0,黄兴公园
快乐柠檬happylemon（新德西路店）,https://www.meituan.com/meishi/64411158/,4.1,232,20.0,川沙
悸动烧仙草（文涵路店）,https://www.meituan.com/meishi/1610969217/,4.4,74,15.0,泰晤士小镇
快乐柠檬happylemon（良华购物广场店）,https://www.meituan.com/meishi/763102228/,3.8,54,19.0,虹桥火车站/国展中心
CoCo都可（安顺店）,https://www.meituan.com/meishi/1587751/,4.1,200,13.0,虹桥/古北
悸动烧仙草（新环广场店）,https://www.meituan.com/meishi/917830077/,4.3,70,17.0,新场
厝内小眷村（宝山宝乐汇店）,https://www.meituan.com/meishi/110226350/,4.2,90,27.0,宝山城区/吴淞
1点点（南翔印象城MEGA店）,https://www.meituan.com/meishi/1959616630/,3.7,0,17.0,南翔
悸动烧仙草（普庆路店）,https://www.meituan.com/meishi/1687105762/,3.9,57,15.0,江镇
桂源铺（吴泾宝龙店）,https://www.meituan.com/meishi/159694063/,4.6,398,15.0,老闵行/交大师大
世界茶饮（聚丰园路店）,https://www.meituan.com/meishi/193878772/,4.6,34,16.0,上海大学
椿风·养身茶饮（百联世纪店）,https://www.meituan.com/meishi/856875934/,4.0,53,21.0,陆家嘴
厝内小眷村（松江文汇店）,https://www.meituan.com/meishi/175372030/,4.6,12,28.0,松江大学城
快乐柠檬happylemon（凯龙金桥店）,https://www.meituan.com/meishi/73663295/,4.0,57,20.0,金桥
厝内小眷村（松江大学城店）,https://www.meituan.com/meishi/165435691/,4.6,62,27.0,松江大学城
1点点（柳州家乐福店）,https://www.meituan.com/meishi/110423124/,4.0,0,19.0,漕河泾/田林
1点点（陕西南路店）,https://www.meituan.com/meishi/40611150/,4.0,0,20.0,淮海路
厝内小眷村（浦东施湾沃尔玛店）,https://www.meituan.com/meishi/1393898903/,4.3,19,28.0,浦东机场/机场镇
1点点（水电路店）,https://www.meituan.com/meishi/40550982/,4.1,0,17.0,凉城/江湾镇
1点点（静安九百店）,https://www.meituan.com/meishi/195047323/,4.3,0,15.0,静安寺
7分甜（上海虹口新兴旺二店）,https://www.meituan.com/meishi/914644244/,4.5,25,21.0,海宁路/七浦路
7分甜（上海杨浦复旦软件园店）,https://www.meituan.com/meishi/554912579/,4.5,202,18.0,平凉路/东外滩
桂源铺（证大大拇指店）,https://www.meituan.com/meishi/158916872/,4.4,249,20.0,联洋
桂源铺（漕宝日月光店）,https://www.meituan.com/meishi/195141639/,4.5,546,15.0,漕河泾/田林
快乐柠檬happylemon（上海罗芬世纪联华店）,https://www.meituan.com/meishi/1524637462/,4.1,185,19.0,美兰湖
7分甜（上海黄浦恒基名人店）,https://www.meituan.com/meishi/1281465044/,4.5,272,20.0,南京东路
悸动烧仙草（曹安公路店）,https://www.meituan.com/meishi/523936991/,4.2,45,16.0,江桥
悸动烧仙草（兴塔店）,https://www.meituan.com/meishi/193222354/,4.3,132,15.0,金山区
7分甜（上海普陀光新乐购店）,https://www.meituan.com/meishi/1166363105/,4.6,110,20.0,中山北路/甘泉地区
royaltea皇茶（汇友路店）,https://www.meituan.com/meishi/159979422/,4.1,7,10.0,新场
1点点（新闸店）,https://www.meituan.com/meishi/6556960/,4.2,0,15.0,大悦城
7分甜（上海虹口上滨广场店）,https://www.meituan.com/meishi/1334360933/,4.6,232,21.0,临平路/和平公园
7分甜（杨浦国和广场店）,https://www.meituan.com/meishi/790456754/,4.6,155,20.0,中原地区
CoCo都可（彰武二店）,https://www.meituan.com/meishi/159930691/,4.3,363,11.0,控江地区
熊姬手作茶物（奉贤宝龙店）,https://www.meituan.com/meishi/195044564/,4.6,95,20.0,易买得
CoCo都可（永德店）,https://www.meituan.com/meishi/468998/,4.1,451,12.0,吴泾镇
CoCo都可（彰武二店）,https://www.meituan.com/meishi/159930691/,4.3,363,11.0,控江地区
熊姬手作茶物（奉贤宝龙店）,https://www.meituan.com/meishi/195044564/,4.6,95,20.0,易买得
CoCo都可（永德店）,https://www.meituan.com/meishi/468998/,4.1,451,12.0,吴泾镇
7分甜（上海嘉定万达店）,https://www.meituan.com/meishi/192977095/,4.3,324,21.0,嘉定新城
桂源铺（满天星广场店）,https://www.meituan.com/meishi/184350557/,4.5,383,17.0,浦江镇
TPLUS茶家（新邻店）,https://www.meituan.com/meishi/51472984/,4.5,27,22.0,老西门/陆家浜路
悸动烧仙草（南翔槎溪路店）,https://www.meituan.com/meishi/1420397430/,4.2,66,16.0,南翔
茉沏（凌云沃尔玛店）,https://www.meituan.com/meishi/196001671/,4.3,14,16.0,上海南站
蜜雪冰城（闻喜路店）,https://www.meituan.com/meishi/1116684420/,3.9,0,7.0,彭浦新村
桂源铺（愚园路店）,https://www.meituan.com/meishi/117820809/,4.4,317,20.0,中山公园/江苏路
7分甜（上海徐汇正大乐城店）,https://www.meituan.com/meishi/1468104948/,4.2,214,18.0,龙华/西岸
悸动烧仙草（浦东周泰路店）,https://www.meituan.com/meishi/1187251434/,4.0,13,17.0,康桥/周浦
快乐柠檬happylemon（万祥店）,https://www.meituan.com/meishi/1733685496/,4.4,131,20.0,滴水湖临港地区
悸动烧仙草（康桥店）,https://www.meituan.com/meishi/1038018649/,4.1,37,15.0,康桥/周浦
桂源铺（歌斐中心店）,https://www.meituan.com/meishi/163315007/,4.3,160,20.0,西藏南路/世博会馆
CoCo都可（江苏北店）,https://www.meituan.com/meishi/116423580/,4.1,264,13.0,中山公园/江苏路
悸动烧仙草（旭辉广场店）,https://www.meituan.com/meishi/536234119/,4.1,201,15.0,华漕
桂源铺（凯德七宝购物广场店）,https://www.meituan.com/meishi/1521293334/,4.7,106,20.0,七宝
1点点（虹口龙之梦店）,https://www.meituan.com/meishi/159199296/,4.0,0,19.0,虹口足球场/鲁迅公园
本宫的茶（九亭店）,https://www.meituan.com/meishi/1101178451/,4.0,111,18.0,九亭
CoCo都可（城中三店）,https://www.meituan.com/meishi/158888044/,4.3,334,12.0,嘉定镇
CoCo都可（平凉二店）,https://www.meituan.com/meishi/1587360/,4.2,405,11.0,平凉路/东外滩
1点点（政通店）,https://www.meituan.com/meishi/42115247/,4.0,0,14.0,五角场/大学区
1点点（宝乐汇店）,https://www.meituan.com/meishi/96444975/,3.8,0,18.0,宝山城区/吴淞
悸动烧仙草（永德路二店）,https://www.meituan.com/meishi/1815041587/,4.6,68,16.0,吴泾镇
CoCo都可（芷江中店）,https://www.meituan.com/meishi/1581741/,4.0,323,13.0,西藏北路/中兴路
巡茶（隆昌路店）,https://www.meituan.com/meishi/177759881/,3.9,31,18.0,平凉路/东外滩
RBTEA珍奶会所（庙前街店）,https://www.meituan.com/meishi/164087252/,4.4,337,12.0,松江镇
CoCo都可（高东月亮湾店）,https://www.meituan.com/meishi/166013341/,4.2,397,12.0,高东/杨园
桂源铺（太平洋生活广场店）,https://www.meituan.com/meishi/161101776/,4.7,643,14.0,中原地区
快乐柠檬happylemon（金桥公园店）,https://www.meituan.com/meishi/99011359/,4.0,251,20.0,金桥
蜜雪冰城 冰淇淋·茶饮（上海工程技术大学店）,https://www.meituan.com/meishi/803216335/,4.2,296,7.0,松江大学城
悸动烧仙草（大川公路店）,https://www.meituan.com/meishi/1966648637/,4.2,82,15.0,惠南镇
CoCo都可（星空广场店）,https://www.meituan.com/meishi/180648179/,4.4,266,12.0,虹桥/古北
7分甜（长风大悦城店）,https://www.meituan.com/meishi/1430741393/,4.4,311,20.0,长风公园/华师大
CoCo都可（文汇四期店）,https://www.meituan.com/meishi/164488199/,4.4,161,13.0,松江大学城
快乐柠檬happylemon（金山万达店）,https://www.meituan.com/meishi/50461908/,4.6,314,20.0,金山卫
7分甜（联合广场店）,https://www.meituan.com/meishi/1309588400/,4.0,217,20.0,控江地区
1点点（江浦店）,https://www.meituan.com/meishi/150590167/,4.3,0,16.0,控江地区
7分甜（上海松江开元地中海店）,https://www.meituan.com/meishi/871771411/,4.8,450,20.0,松江大学城
悸动烧仙草（青村店）,https://www.meituan.com/meishi/4643234/,3.9,136,15.0,奉贤区
1点点（徐泾家乐福店）,https://www.meituan.com/meishi/150562738/,3.9,0,16.0,徐泾
7分甜（上海古北家乐福店）,https://www.meituan.com/meishi/1762764265/,4.7,51,20.0,虹桥/古北
桂源铺（四川北路店）,https://www.meituan.com/meishi/101738548/,4.3,451,16.0,虹口足球场/鲁迅公园
OT另茶（华润时代店）,https://www.meituan.com/meishi/949507593/,4.3,3,25.0,八佰伴
1点点（周浦绿地乐和城店）,https://www.meituan.com/meishi/962861980/,3.7,0,16.0,康桥/周浦
厝内小眷村（疏影路店）,https://www.meituan.com/meishi/168197958/,4.1,17,27.0,莘庄
1点点（长岛店）,https://www.meituan.com/meishi/90432813/,3.9,0,16.0,金桥
1点点（嘉定大融城店）,https://www.meituan.com/meishi/164178931/,4.2,0,17.0,马陆镇
1点点（新村路店）,https://www.meituan.com/meishi/91449782/,4.3,0,18.0,中山北路/甘泉地区
快乐柠檬happylemon（百联金山店）,https://www.meituan.com/meishi/483552/,4.2,148,15.0,金山卫
HEY JUICE茶桔便（宜山店）,https://www.meituan.com/meishi/178115145/,4.1,40,15.0,光启城
桂源铺（国和1000店）,https://www.meituan.com/meishi/1882779159/,4.8,264,20.0,中原地区
桂源铺（马戏城二店）,https://www.meituan.com/meishi/162906143/,4.3,322,15.0,大宁地区
1点点（施湾沃尔玛店）,https://www.meituan.com/meishi/613381796/,3.7,0,0.0,浦东机场/机场镇
LINLEE·手打柠檬茶（东昌路店）,https://www.meituan.com/meishi/1874118238/,4.2,2,22.0,陆家嘴
7分甜（上海静安晶品店）,https://www.meituan.com/meishi/189955260/,4.3,280,17.0,南京西路
快乐柠檬happylemon（机场镇店）,https://www.meituan.com/meishi/73524967/,4.0,121,19.0,浦东机场/机场镇
7分甜（上海杨浦中原欧尚店）,https://www.meituan.com/meishi/1180394528/,4.5,125,20.0,中原地区
1点点（长宁88店）,https://www.meituan.com/meishi/157369767/,4.2,0,15.0,曹家渡
1点点（曹杨路店）,https://www.meituan.com/meishi/169645788/,4.2,0,17.0,曹杨地区
悸动烧仙草（闵行龙宜路店）,https://www.meituan.com/meishi/1352079965/,4.1,47,16.0,合川路
悸动烧仙草（颛桥颛盛路店）,https://www.meituan.com/meishi/1859490235/,4.2,130,15.0,颛桥/北桥
1点点（上海中心店）,https://www.meituan.com/meishi/1633839995/,3.6,0,18.0,陆家嘴
